timestamp,neck_deg,ear_deg,shoulder_y,label
1767480467.473233,1.023030161857605,31.39543914794922,633.5,neutral
1767480467.5056598,0.7707487344741821,31.397554397583008,633.5,neutral
1767480467.5375519,0.7707487344741821,31.462766647338867,632.5,neutral
1767480467.570789,0.7707487344741821,31.466445922851562,632.5,neutral
1767480467.604286,0.7707487344741821,31.641868591308594,632.5,neutral
1767480467.637825,0.7707487344741821,31.641868591308594,632.5,neutral
1767480467.670923,0.7707487344741821,31.652997970581055,632.0,neutral
1767480467.704553,0.7742201685905457,31.697778701782227,632.0,neutral
1767480467.7398882,1.023030161857605,31.732479095458984,632.0,neutral
1767480467.773199,1.023030161857605,31.741071701049805,631.5,neutral
1767480467.806746,1.0322446823120117,31.741071701049805,631.5,neutral
1767480467.84005,1.5481576919555664,31.74549674987793,631.5,neutral
1767480467.873348,2.32153058052063,31.7812442779541,631.0,neutral
1767480467.904761,2.836660146713257,31.7812442779541,630.5,neutral
1767480467.9402602,3.608468770980835,31.798233032226562,630.0,neutral
1767480467.9737852,3.8654611110687256,31.798233032226562,629.5,neutral
1767480468.008414,3.8654611110687256,31.83873748779297,630.0,neutral
1767480468.044649,3.8654611110687256,31.908445358276367,630.0,neutral
1767480468.076135,3.8654611110687256,31.908445358276367,630.0,neutral
1767480468.1078598,3.8654611110687256,31.953929901123047,630.0,neutral
1767480468.137221,3.8654611110687256,32.034523010253906,630.5,neutral
1767480468.171294,3.8654611110687256,32.11145782470703,630.5,neutral
1767480468.2068381,3.8654611110687256,32.11145782470703,631.0,neutral
1767480468.240575,3.094058036804199,32.11145782470703,631.0,neutral
1767480468.27333,2.602562189102173,32.11145782470703,631.0,neutral
1767480468.306574,2.602562189102173,32.11145782470703,631.0,neutral
1767480468.339678,2.602562189102173,32.11145782470703,631.0,neutral
1767480468.373448,2.602562189102173,32.11145782470703,631.0,neutral
1767480468.4071941,2.602562189102173,32.11145782470703,631.0,neutral
1767480468.440415,2.602562189102173,32.11145782470703,631.0,neutral
1767480468.473551,2.602562189102173,32.01885986328125,631.0,neutral
1767480468.5071821,2.602562189102173,32.00497055053711,631.0,neutral
1767480468.540148,2.6144297122955322,31.90504264831543,630.5,neutral
1767480468.573206,2.6144297122955322,31.846168518066406,630.0,neutral
1767480468.6049652,2.6144297122955322,31.824705123901367,630.0,neutral
1767480468.6379242,2.6144297122955322,31.76862144470215,629.5,neutral
1767480468.671437,2.6144297122955322,31.744110107421875,629.0,neutral
1767480468.7050781,2.626405715942383,31.744110107421875,628.5,neutral
1767480468.740821,2.6506896018981934,31.744110107421875,629.0,neutral
1767480468.7741902,2.6506896018981934,31.744110107421875,629.0,neutral
1767480468.807147,2.6506896018981934,31.744110107421875,629.0,neutral
1767480468.840523,2.6506896018981934,31.744110107421875,629.0,neutral
1767480468.871406,2.6506896018981934,31.744110107421875,629.0,neutral
1767480468.905191,2.6506896018981934,31.744110107421875,629.0,neutral
1767480468.938038,2.6506896018981934,31.744110107421875,629.5,neutral
1767480468.971692,2.6506896018981934,31.744537353515625,631.0,neutral
1767480469.005086,2.6506896018981934,31.744537353515625,631.5,neutral
1767480469.038225,2.385944128036499,31.748302459716797,632.0,neutral
1767480469.0717509,2.12109637260437,31.748302459716797,631.0,neutral
1767480469.105555,2.12109637260437,31.748302459716797,631.5,neutral
1767480469.138325,2.12109637260437,31.744537353515625,632.5,neutral
1767480469.171707,2.12109637260437,31.744537353515625,633.0,neutral
1767480469.205392,2.12109637260437,31.707027435302734,633.5,neutral
1767480469.240656,2.12109637260437,31.707027435302734,633.0,neutral
1767480469.273777,2.12109637260437,31.707027435302734,634.0,neutral
1767480469.3079062,2.12109637260437,31.707027435302734,634.5,neutral
1767480469.3411798,2.8886215686798096,31.509248733520508,634.0,neutral
1767480469.3742552,5.789008617401123,31.28421401977539,634.0,neutral
1767480469.40704,6.282492160797119,31.151199340820312,634.5,neutral
1767480469.438375,6.5420379638671875,31.151199340820312,635.5,neutral
1767480469.4720562,7.611937522888184,31.151199340820312,636.0,neutral
1767480469.507807,7.6819047927856445,31.151199340820312,636.0,neutral
1767480469.541131,7.871181964874268,31.151199340820312,636.5,neutral
1767480469.574615,8.242520332336426,31.151199340820312,636.0,neutral
1767480469.606883,8.242520332336426,31.151199340820312,636.0,neutral
1767480469.640596,9.027612686157227,31.151199340820312,636.5,neutral
1767480469.673616,9.549134254455566,31.659563064575195,637.0,neutral
1767480469.705085,10.845800399780273,31.67850685119629,638.0,neutral
1767480469.738873,13.150948524475098,31.72650909423828,638.0,neutral
1767480469.774271,13.847977638244629,31.78057289123535,638.5,neutral
1767480469.8080199,14.036243438720703,31.84478759765625,639.0,neutral
1767480469.8413088,14.098930358886719,31.84478759765625,639.0,neutral
1767480469.874447,14.478428840637207,31.942628860473633,639.5,neutral
1767480469.9072618,14.534455299377441,31.942628860473633,639.0,neutral
1767480469.940486,14.848451614379883,31.942628860473633,638.0,neutral
1767480469.973959,15.030430793762207,31.942628860473633,638.0,neutral
1767480470.0055628,15.030430793762207,31.84478759765625,638.0,neutral
1767480470.038885,14.848451614379883,31.836956024169922,638.0,neutral
1767480470.072194,14.848451614379883,31.836956024169922,638.5,neutral
1767480470.107928,14.782726287841797,31.841930389404297,638.5,neutral
1767480470.141662,14.782726287841797,31.841930389404297,639.0,neutral
1767480470.178973,14.782726287841797,31.841930389404297,639.0,neutral
1767480470.214453,14.782726287841797,31.841930389404297,640.5,neutral
1767480470.250817,14.534455299377441,31.841930389404297,639.5,neutral
1767480470.310346,14.285625457763672,31.85035514831543,640.5,neutral
1767480470.3429031,14.285625457763672,31.85035514831543,640.5,neutral
1767480470.375204,13.786317825317383,31.884502410888672,640.5,neutral
1767480470.4079082,13.650419235229492,31.8681583404541,640.0,neutral
1767480470.441059,13.650419235229492,31.8681583404541,637.5,neutral
1767480470.4726248,13.650419235229492,31.8681583404541,635.0,neutral
1767480470.505582,13.650419235229492,31.8681583404541,634.5,neutral
1767480470.539148,13.650419235229492,31.8681583404541,634.0,neutral
1767480470.5724,13.650419235229492,31.8681583404541,633.0,neutral
1767480470.6057112,13.650419235229492,31.8681583404541,633.0,neutral
1767480470.6392388,13.650419235229492,31.8681583404541,632.0,neutral
1767480470.674957,14.167055130004883,31.474246978759766,632.0,neutral
1767480470.708658,15.088630676269531,31.457778930664062,633.0,neutral
1767480470.741778,15.684114456176758,31.457778930664062,633.5,neutral
1767480470.774633,16.020292282104492,31.403627395629883,632.5,neutral
1767480470.8076448,16.095876693725586,31.327165603637695,632.5,neutral
1767480470.840905,16.35866928100586,31.3074951171875,631.5,neutral
1767480470.8727481,16.436059951782227,31.245105743408203,631.0,neutral
1767480470.906018,16.882129669189453,31.229551315307617,629.0,neutral
1767480470.9394372,16.961706161499023,31.22212791442871,627.5,neutral
1767480470.9747798,16.961706161499023,31.114587783813477,627.5,neutral
1767480471.0080929,17.45486831665039,31.114587783813477,629.0,neutral
1767480471.040868,17.45486831665039,31.114587783813477,629.5,neutral
1767480471.072763,17.45486831665039,30.971986770629883,629.0,neutral
1767480471.106142,17.45486831665039,30.92750358581543,630.0,neutral
1767480471.13977,17.45486831665039,30.92606544494629,632.0,neutral
1767480471.172719,17.45486831665039,30.837383270263672,631.5,neutral
1767480471.206006,17.45486831665039,30.837383270263672,631.5,neutral
1767480471.241515,17.45486831665039,30.837383270263672,631.5,neutral
1767480471.274925,17.185707092285156,30.830917358398438,632.5,neutral
1767480471.3081138,16.645038604736328,30.728282928466797,632.0,neutral
1767480471.3411908,14.311040878295898,30.722450256347656,632.0,neutral
1767480471.3748858,13.776694297790527,30.722450256347656,629.5,neutral
1767480471.408111,13.516568183898926,30.728282928466797,628.5,neutral
1767480471.4413068,12.380757331848145,30.830917358398438,628.5,neutral
1767480471.475036,12.17145824432373,30.837383270263672,628.0,neutral
1767480471.508626,11.888657569885254,30.92606544494629,626.0,neutral
1767480471.542115,11.846394538879395,30.941923141479492,624.5,neutral
1767480471.574541,11.529035568237305,30.987871170043945,621.0,neutral
1767480471.6063712,10.8750581741333,31.124927520751953,620.0,neutral
1767480471.639709,9.64263916015625,31.17577362060547,620.5,neutral
1767480471.675318,9.283553123474121,31.335620880126953,621.0,neutral
1767480471.708415,9.283553123474121,31.576141357421875,622.5,neutral
1767480471.741979,9.078758239746094,31.577354431152344,624.5,neutral
1767480471.774795,8.488944053649902,31.58871841430664,627.0,neutral
1767480471.8078778,8.416374206542969,31.592601776123047,628.0,neutral
1767480471.83971,7.633330821990967,31.592601776123047,628.0,neutral
1767480471.875242,6.308588981628418,31.592601776123047,628.5,neutral
1767480471.908093,5.565098762512207,31.592601776123047,628.0,neutral
1767480471.9414341,3.212209701538086,31.592601776123047,629.0,neutral
1767480471.9731681,1.417922854423523,31.58871841430664,629.0,neutral
1767480472.006552,1.417922854423523,31.592601776123047,630.5,neutral
1767480472.042593,1.123302698135376,31.614501953125,633.0,neutral
1767480472.075298,1.123302698135376,31.614501953125,635.0,neutral
1767480472.108381,1.123302698135376,31.704795837402344,636.5,neutral
1767480472.141411,1.123302698135376,31.704795837402344,638.5,neutral
1767480472.1730518,1.123302698135376,31.856979370117188,639.5,neutral
1767480472.2066472,0.8466740250587463,31.856979370117188,640.0,neutral
1767480472.242183,1.0708245038986206,31.856979370117188,640.0,neutral
1767480472.275578,1.0708245038986206,31.856979370117188,639.5,neutral
1767480472.308531,1.0708245038986206,32.04783248901367,640.5,neutral
1767480472.3414872,1.344724416732788,32.181026458740234,642.0,neutral
1767480472.373148,1.344724416732788,32.30311965942383,641.5,neutral
1767480472.408355,1.3510650396347046,32.33472442626953,641.5,neutral
1767480472.440135,1.6764709949493408,32.33966064453125,642.0,neutral
1767480472.473494,1.873492956161499,32.3607292175293,642.5,neutral
1767480472.5085921,2.1816413402557373,32.377540588378906,645.0,neutral
1767480472.541991,2.3970284461975098,32.48795700073242,645.5,neutral
1767480472.575361,2.419509172439575,32.50603485107422,644.0,neutral
1767480472.6091049,2.419509172439575,32.50603485107422,644.0,neutral
1767480472.6421802,2.9019105434417725,32.50603485107422,644.0,neutral
1767480472.673795,2.9153220653533936,32.48795700073242,644.0,neutral
1767480472.7090728,2.9288582801818848,32.48795700073242,643.5,neutral
1767480472.74227,4.614766597747803,32.48795700073242,642.0,neutral
1767480472.7753222,7.125016212463379,32.48795700073242,641.0,neutral
1767480472.807233,7.34429931640625,32.33966064453125,642.0,neutral
1767480472.84048,8.555558204650879,32.24949645996094,642.5,neutral
1767480472.8739998,9.950626373291016,32.04060363769531,643.5,neutral
1767480472.908927,10.412545204162598,31.85393714904785,643.5,neutral
1767480472.942304,10.876246452331543,31.6181640625,643.5,neutral
1767480472.976071,11.788183212280273,31.49286460876465,643.0,neutral
1767480473.009332,12.077669143676758,31.429197311401367,642.5,neutral
1767480473.040884,12.19420051574707,31.347248077392578,642.0,neutral
1767480473.073689,12.555296897888184,31.214509963989258,642.0,neutral
1767480473.107156,13.695876121520996,31.098691940307617,641.5,neutral
1767480473.1414988,15.051219940185547,31.074682235717773,640.5,neutral
1767480473.1739478,16.38953971862793,30.866973876953125,637.5,neutral
1767480473.2073169,17.051965713500977,30.558818817138672,636.5,neutral
1767480473.2427971,17.998695373535156,30.54741096496582,632.5,neutral
1767480473.2760162,18.652252197265625,30.37902069091797,631.0,neutral
1767480473.309574,19.010766983032227,30.3472900390625,629.0,neutral
1767480473.342703,19.592281341552734,30.338102340698242,625.5,neutral
1767480473.375679,19.592281341552734,30.324907302856445,625.0,neutral
1767480473.407423,19.592281341552734,30.15390396118164,623.5,neutral
1767480473.442982,19.592281341552734,30.10839080810547,626.0,neutral
1767480473.476244,19.592281341552734,30.102258682250977,629.0,neutral
1767480473.509829,19.592281341552734,30.102258682250977,629.5,neutral
1767480473.542551,19.592281341552734,30.102258682250977,629.0,neutral
1767480473.573979,19.592281341552734,30.102258682250977,629.0,neutral
1767480473.607275,17.987335205078125,30.15390396118164,629.5,neutral
1767480473.640696,17.46645164489746,30.310230255126953,628.0,neutral
1767480473.675683,15.2145414352417,30.324907302856445,628.5,neutral
1767480473.707516,13.539949417114258,30.3472900390625,630.0,neutral
1767480473.743003,10.633774757385254,30.3472900390625,631.0,neutral
1767480473.7766871,9.044666290283203,30.4190616607666,631.0,neutral
1767480473.80999,8.359153747558594,30.47093391418457,632.0,neutral
1767480473.842895,8.06324577331543,30.619884490966797,634.0,neutral
1767480473.874387,7.563496112823486,30.997758865356445,633.0,neutral
1767480473.907809,7.329747676849365,31.38863754272461,632.5,neutral
1767480473.940833,7.0093841552734375,32.08161163330078,632.5,neutral
1767480473.974256,6.889837265014648,32.26345443725586,631.5,neutral
1767480474.010627,5.589869022369385,32.28709411621094,631.0,neutral
1767480474.043396,5.084960460662842,32.40282440185547,630.0,neutral
1767480474.076469,3.8622090816497803,32.504878997802734,630.0,neutral
1767480474.107604,3.1529369354248047,32.59419631958008,630.0,neutral
1767480474.142921,3.1529369354248047,32.731597900390625,630.5,neutral
1767480474.174183,2.657390594482422,32.76296615600586,630.0,neutral
1767480474.208152,2.43664813041687,32.77167892456055,630.0,neutral
1767480474.243086,2.19323468208313,32.77167892456055,630.0,neutral
1767480474.276455,2.19323468208313,32.77167892456055,629.5,neutral
1767480474.3081942,1.9580674171447754,32.77167892456055,629.0,neutral
1767480474.343235,1.4625532627105713,32.77167892456055,628.5,neutral
1767480474.374918,1.450216293334961,32.77167892456055,626.5,neutral
1767480474.4082,1.450216293334961,32.76296615600586,626.5,neutral
1767480474.441432,1.450216293334961,32.59419631958008,626.0,neutral
1767480474.475119,1.4625532627105713,32.56193161010742,626.5,neutral
1767480474.507711,1.514073371887207,32.46821975708008,626.5,neutral
1767480474.541174,1.7662705183029175,32.08522033691406,627.0,neutral
1767480474.5744278,1.7662705183029175,31.855091094970703,627.0,neutral
1767480474.608298,1.514073371887207,31.4854793548584,629.0,neutral
1767480474.641598,1.4625532627105713,31.412443161010742,632.5,neutral
1767480474.67671,1.4625532627105713,31.302078247070312,636.5,neutral
1767480474.71034,1.4625532627105713,31.19847869873047,639.0,neutral
1767480474.743339,1.5008560419082642,31.19847869873047,641.0,neutral
1767480474.774585,1.5008560419082642,31.19847869873047,644.5,neutral
1767480474.809841,1.514073371887207,31.19847869873047,646.5,neutral
1767480474.841214,1.7432464361190796,31.19847869873047,647.0,neutral
1767480474.874589,1.7662705183029175,31.233314514160156,647.0,neutral
1767480474.909888,1.8224326372146606,31.24738311767578,647.5,neutral
1767480474.9434319,1.9749339818954468,31.302078247070312,647.5,neutral
1767480474.977115,1.992093563079834,31.318477630615234,647.5,neutral
1767480475.0100648,1.9749339818954468,31.336503982543945,647.5,neutral
1767480475.0433972,1.8224326372146606,31.380657196044922,648.5,neutral
1767480475.076528,1.7432464361190796,31.386611938476562,649.0,neutral
1767480475.1079512,1.7432464361190796,31.380657196044922,649.0,neutral
1767480475.141493,1.7432464361190796,31.380657196044922,649.5,neutral
1767480475.174879,1.9749339818954468,31.386611938476562,649.5,neutral
1767480475.210376,1.7662705183029175,31.394763946533203,650.5,neutral
1767480475.244031,1.7662705183029175,31.394763946533203,651.5,neutral
1767480475.2769449,1.7662705183029175,31.455284118652344,655.5,neutral
1767480475.3098729,1.7662705183029175,31.47235107421875,657.0,neutral
1767480475.341543,1.7662705183029175,31.505596160888672,657.5,neutral
1767480475.3748019,1.7662705183029175,31.523601531982422,657.0,neutral
1767480475.408382,1.7662705183029175,31.582164764404297,657.0,neutral
1767480475.442057,1.7662705183029175,31.608352661132812,656.5,neutral
1767480475.475412,1.7662705183029175,31.70563316345215,656.0,neutral
1767480475.509839,2.036325454711914,31.84323501586914,655.5,neutral
1767480475.541294,2.2025980949401855,31.977123260498047,655.0,neutral
1767480475.575177,3.438530683517456,32.050689697265625,654.5,neutral
1767480475.6107562,4.1909074783325195,32.10426330566406,654.5,neutral
1767480475.643938,4.1909074783325195,32.10646438598633,653.0,neutral
1767480475.677232,4.1909074783325195,32.21107482910156,653.5,neutral
1767480475.7103128,4.1909074783325195,32.227054595947266,653.5,neutral
1767480475.742081,4.1909074783325195,32.252933502197266,653.5,neutral
1767480475.7747982,4.1909074783325195,32.297027587890625,654.5,neutral
1767480475.8088078,4.1909074783325195,32.30597686767578,654.5,neutral
1767480475.8435688,4.1909074783325195,32.319297790527344,654.5,neutral
1767480475.874908,3.8310513496398926,32.30597686767578,655.0,neutral
1767480475.908417,3.3513309955596924,32.30597686767578,654.5,neutral
1767480475.9422898,3.336336612701416,32.30597686767578,654.5,neutral
1767480475.97525,3.336336612701416,32.30597686767578,654.5,neutral
1767480476.008605,3.336336612701416,32.335693359375,655.0,neutral
1767480476.042433,3.336336612701416,32.36834716796875,655.5,neutral
1767480476.077408,3.336336612701416,32.37362289428711,655.0,neutral
1767480476.110479,3.336336612701416,32.4135627746582,655.0,neutral
1767480476.143575,3.336336612701416,32.4135627746582,654.5,neutral
1767480476.175783,3.3513309955596924,32.4135627746582,654.5,neutral
1767480476.209151,4.869941711425781,32.473976135253906,654.5,neutral
1767480476.242303,6.453986644744873,32.473976135253906,653.0,neutral
1767480476.275234,6.453986644744873,32.48018264770508,652.0,neutral
1767480476.3091168,6.453986644744873,32.487037658691406,652.0,neutral
1767480476.344325,6.453986644744873,32.60208511352539,652.5,neutral
1767480476.377596,6.453986644744873,32.63397979736328,652.0,neutral
1767480476.410864,6.453986644744873,32.66423034667969,652.0,neutral
1767480476.443667,6.453986644744873,32.66468811035156,651.5,neutral
1767480476.4770648,6.453986644744873,32.69358444213867,650.5,neutral
1767480476.509578,6.453986644744873,32.71274948120117,651.0,neutral
1767480476.5443041,6.453986644744873,32.7475471496582,651.0,neutral
1767480476.577617,6.453986644744873,32.759586334228516,651.0,neutral
1767480476.611433,6.453986644744873,32.81801223754883,651.5,neutral
1767480476.644479,6.453986644744873,32.82338333129883,652.0,neutral
1767480476.6779678,6.453986644744873,32.86497497558594,652.5,neutral
1767480476.71133,6.453986644744873,33.003753662109375,652.0,neutral
1767480476.7437608,6.632514476776123,33.05775451660156,652.0,neutral
1767480476.7753952,6.8953094482421875,33.05775451660156,652.0,neutral
1767480476.809153,7.943471908569336,33.068077087402344,651.5,neutral
1767480476.842622,8.646931648254395,33.278648376464844,651.5,neutral
1767480476.877218,8.646931648254395,33.278648376464844,651.5,neutral
1767480476.909503,8.646931648254395,33.278648376464844,651.5,neutral
1767480476.944085,8.646931648254395,33.278648376464844,651.0,neutral
1767480476.97788,8.646931648254395,33.278648376464844,651.0,neutral
1767480477.010603,8.646931648254395,33.278648376464844,651.0,neutral
1767480477.042845,8.646931648254395,33.278648376464844,652.5,neutral
1767480477.077316,8.646931648254395,33.278648376464844,652.5,neutral
1767480477.1092732,7.15781307220459,33.15719223022461,652.0,neutral
1767480477.142532,4.785695552825928,33.10212707519531,653.5,neutral
1767480477.1764119,4.500113487243652,33.036617279052734,653.5,neutral
1767480477.21173,4.256026744842529,32.88325500488281,653.0,neutral
1767480477.243934,4.256026744842529,32.77084732055664,652.0,neutral
1767480477.276342,3.9724960327148438,32.7012825012207,652.0,neutral
1767480477.309144,2.6630008220672607,32.692081451416016,650.5,neutral
1767480477.3425531,2.12109637260437,32.66008377075195,649.5,neutral
1767480477.376409,1.3322198390960693,32.58073043823242,649.0,neutral
1767480477.411246,1.3322198390960693,32.56793975830078,647.5,neutral
1767480477.443054,1.326054334640503,32.4193229675293,647.5,neutral
1767480477.476185,1.3322198390960693,32.32331085205078,646.5,neutral
1767480477.5099452,1.3322198390960693,32.23747253417969,649.0,neutral
1767480477.542922,1.3322198390960693,32.163352966308594,649.5,neutral
1767480477.5765681,1.3322198390960693,31.93976402282715,650.5,neutral
1767480477.611847,1.3322198390960693,31.93976402282715,651.5,neutral
1767480477.645076,1.3322198390960693,31.776193618774414,651.0,neutral
1767480477.6785548,1.3322198390960693,31.698837280273438,650.5,neutral
1767480477.711637,1.3322198390960693,31.657201766967773,648.5,neutral
1767480477.744993,1.3322198390960693,31.635250091552734,648.0,neutral
1767480477.777947,1.3639274835586548,31.593093872070312,649.5,neutral
1767480477.812006,1.6683374643325806,31.48237419128418,648.5,neutral
1767480477.844854,1.9182803630828857,31.47108268737793,645.5,neutral
1767480477.877894,2.9702305793762207,31.438230514526367,646.5,neutral
1767480477.90963,2.9842822551727295,31.327579498291016,646.5,neutral
1767480477.943242,3.5256152153015137,31.295146942138672,647.0,neutral
1767480477.976533,4.047202110290527,31.295146942138672,647.0,neutral
1767480478.0095758,4.1646728515625,31.240449905395508,647.0,neutral
1767480478.043294,5.11731481552124,31.23604393005371,648.5,neutral
1767480478.0765388,5.347081661224365,31.23604393005371,650.5,neutral
1767480478.110019,5.399973392486572,31.23604393005371,650.5,neutral
1767480478.145198,5.572197914123535,31.23604393005371,650.5,neutral
1767480478.1777558,6.18525505065918,31.240449905395508,650.5,neutral
1767480478.209854,6.775656223297119,31.29733657836914,652.0,neutral
1767480478.243586,7.089930057525635,31.327579498291016,652.5,neutral
1767480478.278494,7.539444923400879,31.438230514526367,653.5,neutral
1767480478.3119638,7.539444923400879,31.443138122558594,654.0,neutral
1767480478.347732,7.613221645355225,31.443138122558594,654.5,neutral
1767480478.379214,7.815293312072754,31.473861694335938,655.5,neutral
1767480478.411947,7.853313446044922,31.52210235595703,656.5,neutral
1767480478.445215,8.05182933807373,31.72962760925293,659.0,neutral
1767480478.478281,10.105036735534668,31.73043441772461,659.0,neutral
1767480478.511348,10.198101043701172,31.800004959106445,659.0,neutral
1767480478.5434592,10.437475204467773,31.806289672851562,661.0,neutral
1767480478.576641,10.96338939666748,31.814119338989258,662.0,neutral
1767480478.609631,11.019682884216309,32.10102081298828,662.0,neutral
1767480478.643327,11.473478317260742,32.261009216308594,662.5,neutral
1767480478.676897,11.828171730041504,32.387367248535156,663.0,neutral
1767480478.7118962,12.464932441711426,32.49643325805664,663.5,neutral
1767480478.745331,12.593330383300781,32.49643325805664,663.5,neutral
1767480478.776912,12.752120018005371,32.49643325805664,663.0,neutral
1767480478.8097842,12.752120018005371,32.49643325805664,663.5,neutral
1767480478.8434281,12.752120018005371,32.49643325805664,663.5,neutral
1767480478.87678,12.752120018005371,32.49643325805664,663.5,neutral
1767480478.909695,13.105269432067871,32.49643325805664,663.5,neutral
1767480478.9435232,13.240519523620605,32.49643325805664,663.0,neutral
1767480478.976898,13.392498016357422,32.33824157714844,661.5,neutral
1767480479.010392,13.519413948059082,32.20737075805664,661.5,neutral
1767480479.045783,13.600542068481445,32.04277038574219,661.5,neutral
1767480479.0801501,13.609731674194336,32.01125717163086,661.5,neutral
1767480479.1163142,13.888001441955566,32.01125717163086,662.0,neutral
1767480479.148452,14.036243438720703,32.01125717163086,662.0,neutral
1767480479.179175,14.036243438720703,32.01125717163086,662.5,neutral
1767480479.211829,14.036243438720703,32.01125717163086,662.0,neutral
1767480479.243545,14.036243438720703,31.991615295410156,662.0,neutral
1767480479.2767181,14.036243438720703,31.9873046875,662.5,neutral
1767480479.310017,14.109888076782227,31.97592544555664,662.5,neutral
1767480479.34304,14.184294700622559,31.959339141845703,663.0,neutral
1767480479.376736,14.184294700622559,31.842201232910156,663.0,neutral
1767480479.4103281,14.620874404907227,31.842201232910156,663.0,neutral
1767480479.443394,15.491985321044922,31.80302619934082,663.0,neutral
1767480479.4775429,15.491985321044922,31.80302619934082,663.0,neutral
1767480479.5104718,15.904703140258789,31.80302619934082,663.5,neutral
1767480479.543875,15.904703140258789,31.80302619934082,663.5,neutral
1767480479.576982,15.904703140258789,31.80302619934082,664.0,neutral
1767480479.610293,15.904703140258789,31.80302619934082,663.5,neutral
1767480479.64414,15.904703140258789,31.80302619934082,663.5,neutral
1767480479.6771479,15.904703140258789,31.80302619934082,664.0,neutral
1767480479.7123919,15.904703140258789,31.97325325012207,664.0,neutral
1767480479.745856,15.904703140258789,32.025245666503906,663.5,neutral
1767480479.7774222,15.333284378051758,32.14230728149414,662.5,neutral
1767480479.810327,15.124007225036621,32.191287994384766,662.5,neutral
1767480479.843623,14.969551086425781,32.20832061767578,662.0,neutral
1767480479.8769479,14.969551086425781,32.20832061767578,661.0,neutral
1767480479.9108438,14.969551086425781,32.20832061767578,661.0,neutral
1767480479.943656,14.893472671508789,32.20832061767578,661.0,neutral
1767480479.976976,14.893472671508789,32.20832061767578,661.0,neutral
1767480480.0106828,14.893472671508789,32.20832061767578,660.5,neutral
1767480480.0458088,14.893472671508789,32.20832061767578,660.5,neutral
1767480480.079125,14.893472671508789,32.191287994384766,660.5,neutral
1767480480.112652,14.893472671508789,32.106056213378906,660.5,neutral
1767480480.145489,14.758724212646484,32.106056213378906,660.5,neutral
1767480480.177001,14.758724212646484,32.08365249633789,660.0,neutral
1767480480.2107992,14.758724212646484,32.08365249633789,660.0,neutral
1767480480.243793,14.758724212646484,32.08365249633789,659.5,neutral
1767480480.277021,14.683219909667969,32.08365249633789,659.5,neutral
1767480480.310475,14.608467102050781,32.08365249633789,659.5,neutral
1767480480.343701,13.891191482543945,32.08365249633789,660.0,neutral
1767480480.3775842,13.600542068481445,32.08365249633789,660.0,neutral
1767480480.4107032,13.3785400390625,32.08365249633789,659.5,neutral
1767480480.444305,13.3785400390625,32.08365249633789,660.0,neutral
1767480480.4798741,13.3785400390625,32.08365249633789,659.5,neutral
1767480480.512877,13.3785400390625,32.08365249633789,659.5,neutral
1767480480.5461318,13.3785400390625,32.08365249633789,659.5,neutral
1767480480.579457,13.3785400390625,32.08365249633789,659.0,neutral
1767480480.61272,13.3785400390625,32.08365249633789,659.0,neutral
1767480480.644245,13.600542068481445,32.08365249633789,659.5,neutral
1767480480.677928,13.600542068481445,31.924747467041016,659.5,neutral
1767480480.711044,13.600542068481445,31.909679412841797,659.5,neutral
1767480480.744124,13.671307563781738,31.78827667236328,659.0,neutral
1767480480.779605,13.671307563781738,31.737157821655273,657.0,neutral
1767480480.813183,13.671307563781738,31.73308753967285,656.0,neutral
1767480480.846509,13.671307563781738,31.711498260498047,655.5,neutral
1767480480.879211,13.736268043518066,31.703144073486328,654.5,neutral
1767480480.9108999,13.736268043518066,31.703144073486328,654.0,neutral
1767480480.944422,13.7427978515625,31.683551788330078,654.0,neutral
1767480480.9774091,13.888001441955566,31.67351722717285,654.0,neutral
1767480481.010865,13.888001441955566,31.637081146240234,655.5,neutral
1767480481.044375,13.888001441955566,31.637081146240234,657.0,neutral
1767480481.077657,13.888001441955566,31.67351722717285,657.0,neutral
1767480481.111399,13.888001441955566,31.683551788330078,657.5,neutral
1767480481.1443148,13.891191482543945,31.711498260498047,657.0,neutral
1767480481.177878,14.479814529418945,31.73147201538086,655.5,neutral
1767480481.211738,15.068488121032715,31.73308753967285,656.0,neutral
1767480481.246154,15.068488121032715,31.737157821655273,656.0,neutral
1767480481.280027,15.068488121032715,31.737489700317383,655.0,neutral
1767480481.317842,15.068488121032715,31.866483688354492,652.0,neutral
1767480481.353473,15.068488121032715,32.117088317871094,652.0,neutral
1767480481.388753,15.068488121032715,32.2392692565918,653.0,neutral
1767480481.448576,15.068488121032715,32.40024948120117,653.5,neutral
1767480481.48462,15.068488121032715,32.486366271972656,654.0,neutral
1767480481.521097,14.786502838134766,32.60962677001953,653.0,neutral
1767480481.556603,14.596575736999512,32.60962677001953,653.5,neutral
1767480481.62362,13.484676361083984,32.60962677001953,654.0,neutral
1767480481.6906428,13.405875205993652,32.653282165527344,653.0,neutral
1767480481.7570088,12.277097702026367,32.70370864868164,653.0,neutral
1767480481.823748,6.436920642852783,32.70370864868164,652.5,neutral
1767480481.890673,5.247138977050781,32.90732192993164,652.0,neutral
1767480481.957742,4.376350402832031,32.91318893432617,652.5,neutral
1767480482.024533,4.085616588592529,32.99689865112305,654.5,neutral
1767480482.091228,4.085616588592529,32.99870300292969,655.0,neutral
1767480482.1576588,3.775465726852417,33.047889709472656,656.0,neutral
1767480482.224341,3.2286479473114014,33.2828369140625,657.0,neutral
1767480482.2914162,3.2286479473114014,33.45374298095703,657.0,neutral
1767480482.358065,2.935673475265503,33.45374298095703,657.5,neutral
1767480482.424999,2.935673475265503,33.502777099609375,658.0,neutral
1767480482.489959,2.713409423828125,33.71767044067383,659.5,neutral
1767480482.55684,2.713409423828125,33.78742599487305,660.0,neutral
1767480482.6248121,2.713409423828125,33.78742599487305,658.0,neutral
1767480482.691259,2.713409423828125,33.78742599487305,658.5,neutral
1767480482.757817,2.713409423828125,33.78742599487305,658.5,neutral
1767480482.824322,2.713409423828125,33.828556060791016,658.0,neutral
1767480482.8910139,2.713409423828125,33.836212158203125,658.0,neutral
1767480482.958003,2.713409423828125,33.836212158203125,655.0,neutral
1767480483.02421,2.998467206954956,33.836212158203125,654.5,neutral
1767480483.091807,3.2397003173828125,33.836212158203125,653.5,neutral
1767480483.1582232,4.105098724365234,33.836212158203125,653.0,neutral
1767480483.2249222,4.356975078582764,33.836212158203125,652.0,neutral
1767480483.289398,4.377740859985352,33.920284271240234,651.5,neutral
1767480483.324911,4.4198713302612305,33.924503326416016,651.5,neutral
1767480483.392065,4.899092674255371,33.936561584472656,652.0,neutral
1767480483.459012,5.820724010467529,33.936561584472656,651.5,neutral
1767480483.5253918,6.125371932983398,33.95943832397461,651.5,neutral
1767480483.591557,6.125371932983398,33.98841094970703,651.5,neutral
1767480483.658838,6.401536464691162,34.0171012878418,651.5,neutral
1767480483.7255511,6.432653903961182,34.0190315246582,652.5,neutral
1767480483.792258,6.709836959838867,34.0684814453125,652.5,neutral
1767480483.858881,6.709836959838867,34.116512298583984,653.0,neutral
1767480483.924969,6.742586612701416,34.116512298583984,653.5,neutral
1767480483.99233,7.020779132843018,34.116512298583984,654.5,neutral
1767480484.058892,7.26324462890625,34.116512298583984,657.0,neutral
1767480484.125781,7.815293312072754,34.116512298583984,659.0,neutral
1767480484.192107,8.04906177520752,34.116512298583984,660.0,neutral
1767480484.2581928,8.090777397155762,34.116512298583984,661.5,neutral
1767480484.325856,8.640606880187988,34.116512298583984,662.5,neutral
1767480484.392225,8.95813274383545,34.116512298583984,665.5,neutral
1767480484.458889,9.226344108581543,33.92026138305664,666.0,neutral
1767480484.522751,10.154266357421875,33.866390228271484,667.0,neutral
1767480484.589814,10.37971019744873,33.79267501831055,668.0,neutral
1767480484.625366,11.255104064941406,33.775447845458984,670.0,neutral
1767480484.691944,12.82878303527832,33.758270263671875,670.5,neutral
1767480484.758873,14.985435485839844,33.58069610595703,673.0,neutral
1767480484.825954,17.484426498413086,33.58069610595703,673.5,neutral
1767480484.8927202,18.262889862060547,33.56678009033203,674.0,neutral
1767480484.959805,18.262889862060547,33.45278549194336,674.5,neutral
1767480485.023586,19.103090286254883,33.337730407714844,673.0,neutral
1767480485.0591822,19.112974166870117,33.234031677246094,671.0,neutral
1767480485.126387,19.379770278930664,33.175384521484375,672.0,neutral
1767480485.19255,19.600690841674805,33.16455078125,669.5,neutral
1767480485.259787,20.005435943603516,33.16455078125,668.5,neutral
1767480485.3261719,20.797163009643555,33.16455078125,668.0,neutral
1767480485.392544,20.797163009643555,33.234031677246094,665.0,neutral
1767480485.459668,21.01859474182129,33.278175354003906,665.5,neutral
1767480485.526577,21.293031692504883,33.303890228271484,666.5,neutral
1767480485.556837,21.317913055419922,33.33514404296875,667.5,neutral
1767480485.5926101,21.39289093017578,33.33514404296875,667.0,neutral
1767480485.623639,21.403182983398438,33.30651092529297,666.5,neutral
1767480485.6583948,21.447736740112305,33.30651092529297,667.0,neutral
1767480485.6889322,21.64848518371582,33.30651092529297,666.5,neutral
1767480485.723537,21.70543670654297,33.33514404296875,666.5,neutral
1767480485.783055,22.0058536529541,33.34873962402344,665.5,neutral
1767480485.819969,22.156963348388672,33.36545181274414,668.0,neutral
1767480485.8565052,22.260581970214844,33.381629943847656,668.0,neutral
1767480485.8928,22.260581970214844,33.384586334228516,668.0,neutral
1767480485.959213,22.260581970214844,33.8448371887207,668.0,neutral
1767480485.989439,22.260581970214844,33.96893310546875,669.0,neutral
1767480486.0254998,22.30620574951172,34.01763916015625,669.5,neutral
1767480486.055816,23.16293716430664,34.038265228271484,669.5,neutral
1767480486.092306,23.37842559814453,34.08314895629883,670.5,neutral
1767480486.122268,23.37842559814453,34.08314895629883,671.0,neutral
1767480486.154953,23.4121150970459,34.08314895629883,671.0,neutral
1767480486.186378,23.76938819885254,34.08314895629883,671.5,neutral
1767480486.2164412,23.76938819885254,34.08314895629883,673.0,neutral
1767480486.2482991,23.76938819885254,34.08314895629883,674.0,neutral
1767480486.280065,23.76938819885254,34.05048370361328,675.0,neutral
1767480486.3133361,23.76938819885254,34.05048370361328,675.0,neutral
1767480486.346875,23.879371643066406,34.05048370361328,675.5,neutral
1767480486.3823302,23.90766143798828,34.0425910949707,675.5,neutral
1767480486.416063,23.962488174438477,34.01969528198242,676.0,neutral
1767480486.4495249,23.962488174438477,34.01287841796875,676.5,neutral
1767480486.482722,23.989063262939453,33.82182693481445,676.5,neutral
1767480486.515897,24.04422378540039,33.435081481933594,676.5,neutral
1767480486.546896,24.114198684692383,33.26819610595703,676.5,neutral
1767480486.580584,24.227745056152344,33.195289611816406,676.5,neutral
1767480486.6141021,25.240530014038086,33.02243423461914,676.5,neutral
1767480486.6498199,26.01414680480957,33.01664733886719,675.5,neutral
1767480486.683342,26.784996032714844,32.964839935302734,672.5,neutral
1767480486.715845,27.439727783203125,32.938751220703125,669.5,neutral
1767480486.749311,27.439727783203125,32.7822265625,667.0,neutral
1767480486.7803771,27.543441772460938,32.74345016479492,666.0,neutral
1767480486.816174,27.656267166137695,32.6359977722168,666.0,neutral
1767480486.8474722,27.871952056884766,32.574798583984375,665.0,neutral
1767480486.881068,28.532453536987305,32.555206298828125,664.0,neutral
1767480486.916427,29.22290802001953,32.488128662109375,664.5,neutral
1767480486.949913,31.00629234313965,32.395668029785156,667.0,neutral
1767480486.98308,31.138973236083984,32.395668029785156,667.0,neutral
1767480487.016363,31.138973236083984,32.395668029785156,667.0,neutral
1767480487.0490408,31.138973236083984,32.395668029785156,666.5,neutral
1767480487.080352,31.138973236083984,32.395668029785156,667.0,neutral
1767480487.1140091,31.138973236083984,32.395668029785156,667.0,neutral
1767480487.1492789,31.138973236083984,32.44929122924805,667.0,neutral
1767480487.182803,31.138973236083984,32.44929122924805,667.0,neutral
1767480487.215586,31.138973236083984,32.44929122924805,667.5,neutral
1767480487.248992,31.138973236083984,32.63665008544922,667.5,neutral
1767480487.2810938,30.83123016357422,32.80348587036133,668.5,neutral
1767480487.316176,30.033281326293945,32.98894500732422,668.5,neutral
1767480487.349267,29.809114456176758,33.1869010925293,669.5,neutral
1767480487.38094,28.548023223876953,33.43967056274414,670.5,neutral
1767480487.414769,27.035642623901367,33.8411750793457,671.0,neutral
1767480487.4497988,26.80083465576172,33.878746032714844,671.0,neutral
1767480487.4832199,26.09542465209961,33.90040969848633,672.0,neutral
1767480487.516043,24.335399627685547,33.91413879394531,670.5,neutral
1767480487.549278,21.605527877807617,34.07935333251953,671.0,neutral
1767480487.581001,18.924644470214844,34.23078918457031,670.0,neutral
1767480487.614176,18.680150985717773,34.4388313293457,670.0,neutral
1767480487.647669,18.597721099853516,34.655128479003906,669.5,neutral
1767480487.681132,18.518348693847656,34.70952224731445,670.0,neutral
1767480487.714634,18.517152786254883,35.277801513671875,670.0,neutral
1767480487.748384,18.517152786254883,35.39714813232422,667.5,neutral
1767480487.781497,18.517152786254883,35.39714813232422,662.5,neutral
1767480487.81497,18.517152786254883,35.39714813232422,661.0,neutral
1767480487.849944,18.517152786254883,35.39714813232422,660.5,neutral
1767480487.883049,18.597721099853516,35.39714813232422,660.5,neutral
1767480487.916385,18.680150985717773,35.39714813232422,660.0,neutral
1767480487.9495769,18.924644470214844,35.39714813232422,659.5,neutral
1767480487.982862,19.103090286254883,35.39714813232422,659.0,neutral
1767480488.014991,20.74608039855957,35.22256851196289,659.5,neutral
1767480488.0484962,20.842363357543945,35.145267486572266,660.5,neutral
1767480488.084497,20.842363357543945,35.14399337768555,661.0,neutral
1767480488.1201532,20.842363357543945,35.13779830932617,661.5,neutral
1767480488.154956,20.842363357543945,35.12887191772461,661.5,neutral
1767480488.186769,20.842363357543945,35.07737731933594,661.0,neutral
1767480488.2179022,20.842363357543945,35.06895446777344,660.5,neutral
1767480488.249404,20.842363357543945,35.06515884399414,661.0,neutral
1767480488.281536,20.74608039855957,35.05522155761719,662.5,neutral
1767480488.31499,20.58791160583496,34.97916793823242,662.5,neutral
1767480488.3493829,20.10158348083496,34.93404006958008,664.0,neutral
1767480488.383421,19.31635284423828,34.657020568847656,664.0,neutral
1767480488.4166248,18.694988250732422,34.621559143066406,664.5,neutral
1767480488.45016,18.347206115722656,34.174705505371094,669.5,neutral
1767480488.483468,17.553544998168945,34.03380584716797,670.5,neutral
1767480488.516087,15.30334758758545,33.94255447387695,671.5,neutral
1767480488.5483708,13.495733261108398,33.92140197753906,671.5,neutral
1767480488.581932,11.09372329711914,33.881500244140625,671.0,neutral
1767480488.615221,10.8750581741333,33.80073928833008,669.5,neutral
1767480488.649985,9.946004867553711,33.80073928833008,669.0,neutral
1767480488.683535,9.7824068069458,33.80073928833008,668.5,neutral
1767480488.717045,9.593133926391602,33.86052703857422,667.5,neutral
1767480488.751041,9.33141040802002,33.86052703857422,668.0,neutral
1767480488.783354,9.069293022155762,33.86052703857422,668.0,neutral
1767480488.816861,7.862545490264893,33.86052703857422,667.0,neutral
1767480488.848581,7.825745105743408,33.86052703857422,667.0,neutral
1767480488.883353,7.292058944702148,33.86052703857422,667.0,neutral
1767480488.9172769,5.169827938079834,33.86052703857422,666.0,neutral
1767480488.950131,5.067161560058594,33.86052703857422,664.5,neutral
1767480488.9840739,4.48460578918457,33.86052703857422,663.5,neutral
1767480489.016772,3.8691844940185547,33.86052703857422,663.5,neutral
1767480489.0509162,3.664184331893921,33.86052703857422,663.5,neutral
1767480489.0844119,3.2961158752441406,33.73503494262695,662.5,neutral
1767480489.116972,3.0714621543884277,33.73503494262695,663.0,neutral
1767480489.149805,2.5510950088500977,33.61438751220703,662.5,neutral
1767480489.181348,2.5510950088500977,33.57966613769531,660.0,neutral
1767480489.216853,3.0714621543884277,33.50498580932617,658.0,neutral
1767480489.250539,3.0714621543884277,33.50498580932617,657.5,neutral
1767480489.284383,3.2961158752441406,33.50498580932617,658.0,neutral
1767480489.3198562,3.2961158752441406,33.50498580932617,658.5,neutral
1767480489.351939,3.2961158752441406,33.50498580932617,658.5,neutral
1767480489.384253,3.2961158752441406,33.50498580932617,658.0,neutral
1767480489.416607,3.6717000007629395,33.534481048583984,657.0,neutral
1767480489.4483259,5.307326793670654,33.534481048583984,654.5,neutral
1767480489.482184,5.617580413818359,33.534481048583984,654.5,neutral
1767480489.51566,5.806726932525635,33.561161041259766,654.5,neutral
1767480489.550368,5.806726932525635,33.561161041259766,653.5,neutral
1767480489.582301,5.806726932525635,33.5801887512207,655.0,neutral
1767480489.615857,5.806726932525635,33.561161041259766,658.0,neutral
1767480489.6514292,5.806726932525635,33.561161041259766,658.0,neutral
1767480489.684681,5.806726932525635,33.561161041259766,657.5,neutral
1767480489.71757,5.617580413818359,33.561161041259766,657.5,neutral
1767480489.750311,5.307326793670654,33.534481048583984,657.5,neutral
1767480489.782187,4.548042297363281,33.45901870727539,659.0,neutral
1767480489.817356,2.55900239944458,33.42389678955078,660.0,neutral
1767480489.850626,2.55900239944458,33.355804443359375,660.5,neutral
1767480489.8840692,2.55900239944458,33.14173126220703,660.5,neutral
1767480489.915645,2.2025980949401855,33.14173126220703,659.5,neutral
1767480489.9513721,2.1905739307403564,33.11003494262695,660.0,neutral
1767480489.984628,1.8881880044937134,33.07939529418945,659.0,neutral
1767480490.017913,1.2521673440933228,33.070186614990234,658.5,neutral
1767480490.050716,0.9548412561416626,33.02948760986328,657.0,neutral
1767480490.0819159,0.9548412561416626,32.9735107421875,656.5,neutral
1767480490.117873,0.9548412561416626,32.94990921020508,655.5,neutral
1767480490.151466,0.9548412561416626,32.90867233276367,656.0,neutral
1767480490.1846669,1.2521673440933228,32.89592742919922,655.5,neutral
1767480490.217664,1.2521673440933228,32.83906173706055,655.5,neutral
1767480490.2489579,1.2801395654678345,32.83906173706055,654.0,neutral
1767480490.2844281,1.2945995330810547,32.83906173706055,654.0,neutral
1767480490.318131,1.2945995330810547,32.83906173706055,654.0,neutral
1767480490.351156,1.2945995330810547,32.83906173706055,654.0,neutral
1767480490.3847208,1.2801395654678345,32.83906173706055,654.0,neutral
1767480490.417757,1.2521673440933228,32.83906173706055,654.0,neutral
1767480490.449002,0.9765380620956421,32.83906173706055,654.0,neutral
1767480490.4824278,0.9765380620956421,32.86617660522461,654.5,neutral
1767480490.5175848,0.9765380620956421,32.879730224609375,656.0,neutral
1767480490.5489411,0.9765380620956421,32.95857238769531,656.5,neutral
1767480490.582487,0.6437457203865051,32.964141845703125,657.0,neutral
1767480490.618248,0.9765380620956421,33.018890380859375,658.0,neutral
1767480490.651636,1.2945995330810547,33.04372024536133,658.5,neutral
1767480490.684631,1.5911402702331543,33.12885284423828,658.0,neutral
1767480490.7182279,1.5911402702331543,33.21198272705078,659.0,neutral
1767480490.751328,1.5911402702331543,33.31218719482422,656.5,neutral
1767480490.7844322,1.5911402702331543,33.32529067993164,656.0,neutral
1767480490.8160121,1.5911402702331543,33.35367202758789,656.0,neutral
1767480490.851186,1.5911402702331543,33.38408660888672,656.0,neutral
1767480490.882515,2.252044439315796,33.40486526489258,657.0,neutral
1767480490.916097,2.587878465652466,33.42141342163086,657.5,neutral
1767480490.9517171,2.862405300140381,33.42141342163086,658.5,neutral
1767480490.985124,2.9108378887176514,33.42141342163086,660.0,neutral
1767480491.018095,3.516547441482544,33.40486526489258,660.0,neutral
1767480491.049363,3.814074754714966,33.40053939819336,660.0,neutral
1767480491.084804,4.108112335205078,33.38408660888672,660.0,neutral
1767480491.11862,4.635463237762451,33.35367202758789,660.0,neutral
1767480491.1517591,4.68589973449707,33.32529067993164,657.5,neutral
1767480491.184737,4.68589973449707,33.28325271606445,655.0,neutral
1767480491.218207,4.68589973449707,33.28325271606445,656.5,neutral
1767480491.249312,4.68589973449707,33.28325271606445,655.5,neutral
1767480491.282669,4.68589973449707,33.266082763671875,653.0,neutral
1767480491.316048,4.68589973449707,33.09486389160156,654.0,neutral
1767480491.349317,4.68589973449707,33.048004150390625,654.5,neutral
1767480491.382696,4.68589973449707,33.048004150390625,654.5,neutral
1767480491.4164412,4.635463237762451,33.048004150390625,653.5,neutral
1767480491.451522,4.351078033447266,33.022216796875,653.0,neutral
1767480491.4847848,3.3845179080963135,33.01132583618164,650.5,neutral
1767480491.518892,3.3664605617523193,33.01132583618164,650.0,neutral
1767480491.5522282,2.4628167152404785,33.01132583618164,650.5,neutral
1767480491.585094,2.449662685394287,33.01132583618164,651.0,neutral
1767480491.618314,2.155275583267212,33.01132583618164,650.5,neutral
1767480491.6495202,1.898612380027771,33.01132583618164,651.0,neutral
1767480491.684721,1.8778774738311768,33.041019439697266,651.5,neutral
1767480491.716598,1.5650690793991089,33.041019439697266,651.5,neutral
1767480491.749995,0.960174560546875,33.041019439697266,651.5,neutral
1767480491.7829309,0.9548412561416626,33.30339813232422,652.0,neutral
1767480491.818377,0.9548412561416626,33.388973236083984,652.0,neutral
1767480491.849568,0.9548412561416626,33.39147186279297,652.0,neutral
1767480491.883075,0.9548412561416626,33.39147186279297,652.0,neutral
1767480491.916648,0.9548412561416626,33.39147186279297,652.5,neutral
1767480491.951621,0.9548412561416626,33.39147186279297,653.0,neutral
1767480491.982891,0.9548412561416626,33.39147186279297,653.0,neutral
1767480492.016785,0.9548412561416626,33.39147186279297,653.0,neutral
1767480492.050008,0.960174560546875,33.39147186279297,653.5,neutral
1767480492.083487,1.2945995330810547,33.39147186279297,653.5,neutral
1767480492.118491,1.9525090456008911,33.133880615234375,653.0,neutral
1767480492.152245,2.602562189102173,33.02948760986328,652.5,neutral
1767480492.183425,3.233612060546875,32.86763381958008,652.0,neutral
1767480492.217036,3.5763344764709473,32.855560302734375,652.0,neutral
1767480492.250324,3.596717119216919,32.848209381103516,652.0,neutral
1767480492.283801,3.617333173751831,32.848209381103516,652.0,neutral
1767480492.316716,3.6381866931915283,32.83616638183594,652.5,neutral
1767480492.3517709,3.6592814922332764,32.79550552368164,652.5,neutral
1767480492.3834748,5.042450904846191,32.79121398925781,653.0,neutral
1767480492.417056,6.044092178344727,32.79121398925781,653.0,neutral
1767480492.450903,6.377180576324463,32.79121398925781,653.5,neutral
1767480492.485409,7.3737664222717285,32.75204849243164,654.0,neutral
1767480492.518593,7.7049970626831055,32.73821258544922,654.0,neutral
1767480492.550399,7.7049970626831055,32.73284912109375,654.0,neutral
1767480492.5838542,7.7049970626831055,32.711116790771484,654.0,neutral
1767480492.6186628,7.7049970626831055,32.711116790771484,654.0,neutral
1767480492.652531,8.035710334777832,32.69468688964844,654.5,neutral
1767480492.686686,8.695503234863281,32.69468688964844,654.5,neutral
1767480492.7226639,8.972626686096191,32.69468688964844,655.0,neutral
1767480492.756178,9.29924201965332,32.69468688964844,655.0,neutral
1767480492.7872121,9.35297966003418,32.69468688964844,654.5,neutral
1767480492.818858,9.35297966003418,32.69468688964844,655.5,neutral
1767480492.850425,9.35297966003418,32.66835021972656,655.5,neutral
1767480492.8841012,9.35297966003418,32.59681701660156,656.0,neutral
1767480492.918945,9.680798530578613,32.54458999633789,655.5,neutral
1767480492.952736,9.8939208984375,32.54458999633789,655.5,neutral
1767480492.985439,9.8939208984375,32.54458999633789,656.5,neutral
1767480493.017079,9.8939208984375,32.54458999633789,657.0,neutral
1767480493.050837,9.8939208984375,32.54458999633789,656.5,neutral
1767480493.084151,9.8939208984375,32.54458999633789,657.0,neutral
1767480493.117559,9.8939208984375,32.54458999633789,657.0,neutral
1767480493.152168,9.8939208984375,32.634586334228516,657.0,neutral
1767480493.1857789,9.8939208984375,32.63560485839844,657.0,neutral
1767480493.217556,9.8939208984375,32.66835021972656,655.0,neutral
1767480493.252403,9.8939208984375,32.75909423828125,656.0,neutral
1767480493.284076,9.8939208984375,32.775264739990234,653.5,neutral
1767480493.317533,9.8939208984375,32.784751892089844,652.5,neutral
1767480493.350881,9.8939208984375,32.787010192871094,652.0,neutral
1767480493.386144,9.8939208984375,32.79601287841797,651.0,neutral
1767480493.419446,9.8939208984375,32.815399169921875,652.5,neutral
1767480493.452796,9.8939208984375,32.88920593261719,654.0,neutral
1767480493.4857159,9.8939208984375,32.90203094482422,655.5,neutral
1767480493.518891,11.700579643249512,32.907711029052734,656.0,neutral
1767480493.5507998,13.469778060913086,32.98285675048828,653.0,neutral
1767480493.58369,14.116941452026367,32.98285675048828,655.0,neutral
1767480493.617192,15.167466163635254,32.98285675048828,657.0,neutral
1767480493.651196,17.19854164123535,33.049198150634766,658.0,neutral
1767480493.685948,17.63645362854004,33.20149230957031,655.0,neutral
1767480493.7195468,19.035930633544922,33.31800079345703,655.5,neutral
1767480493.752737,19.127609252929688,33.31800079345703,655.0,neutral
1767480493.7858272,20.629878997802734,33.324134826660156,655.5,neutral
1767480493.817832,20.9497013092041,33.56254959106445,655.0,neutral
1767480493.852552,21.037511825561523,33.57371139526367,656.0,neutral
1767480493.886851,21.96959686279297,33.63539123535156,656.0,neutral
1767480493.922652,23.278949737548828,33.640907287597656,655.5,neutral
1767480493.9528,23.716190338134766,33.7489013671875,657.5,neutral
1767480493.984496,24.543685913085938,34.09109115600586,657.0,neutral
1767480494.017787,24.81713104248047,34.12946701049805,657.5,neutral
1767480494.051351,25.374317169189453,34.189266204833984,657.5,neutral
1767480494.086862,25.760011672973633,34.189266204833984,658.5,neutral
1767480494.1195679,26.04772186279297,34.189266204833984,660.0,neutral
1767480494.152661,27.21611213684082,34.189266204833984,659.5,neutral
1767480494.2179918,27.5972957611084,34.29768753051758,660.0,neutral
1767480494.253655,27.73154640197754,34.29768753051758,660.5,neutral
1767480494.2904131,28.223485946655273,34.29768753051758,658.5,neutral
1767480494.3260632,28.223485946655273,34.29768753051758,658.5,neutral
1767480494.3636742,28.223485946655273,34.29768753051758,658.0,neutral
1767480494.3933241,28.61046028137207,34.33241271972656,657.5,neutral
1767480494.430007,28.97208595275879,34.33502197265625,658.0,neutral
1767480494.458092,28.97208595275879,34.33502197265625,657.5,neutral
1767480494.49017,29.24882698059082,34.33502197265625,657.0,neutral
1767480494.521141,30.133441925048828,34.34819793701172,657.0,neutral
1767480494.5528152,30.76854133605957,34.567726135253906,657.0,neutral
1767480494.584852,30.963756561279297,34.625125885009766,657.0,neutral
1767480494.618211,30.963756561279297,34.625125885009766,657.0,neutral
1767480494.651684,30.963756561279297,34.625125885009766,657.5,neutral
1767480494.6872818,30.963756561279297,34.625125885009766,658.5,neutral
1767480494.720267,30.963756561279297,34.706031799316406,660.0,neutral
1767480494.7537978,30.963756561279297,34.724037170410156,660.0,neutral
1767480494.786592,30.963756561279297,34.74577331542969,660.0,neutral
1767480494.820746,30.963756561279297,34.74577331542969,660.0,neutral
1767480494.8532748,30.465545654296875,34.7910041809082,660.5,neutral
1767480494.886544,29.633914947509766,34.90960693359375,662.5,neutral
1767480494.920337,24.753379821777344,34.949363708496094,663.5,neutral
1767480494.953856,23.702646255493164,34.99579620361328,664.0,neutral
1767480494.987457,21.740779876708984,34.99579620361328,664.5,neutral
1767480495.0197918,21.09233856201172,35.13294219970703,665.0,neutral
1767480495.052602,21.06135368347168,35.15995788574219,665.5,neutral
1767480495.0848372,20.148414611816406,35.21417236328125,666.5,neutral
1767480495.11797,19.013673782348633,35.24261474609375,668.0,neutral
1767480495.151941,18.860931396484375,35.397705078125,668.5,neutral
1767480495.184973,18.541645050048828,35.69829559326172,670.0,neutral
1767480495.2180748,18.183652877807617,35.86252212524414,672.0,neutral
1767480495.251542,17.795988082885742,35.86252212524414,672.5,neutral
1767480495.285055,17.333242416381836,35.86252212524414,672.5,neutral
1767480495.318454,17.33088493347168,35.86252212524414,672.0,neutral
1767480495.351734,17.306732177734375,35.86252212524414,672.0,neutral
1767480495.3863978,17.216073989868164,35.86252212524414,672.0,neutral
1767480495.419977,16.99082374572754,35.86252212524414,672.0,neutral
1767480495.452704,14.762617111206055,35.86252212524414,672.0,neutral
1767480495.484906,14.743562698364258,35.74221420288086,671.5,neutral
1767480495.518513,14.390462875366211,35.548030853271484,671.0,neutral
1767480495.551643,14.390462875366211,35.517539978027344,671.0,neutral
1767480495.584946,14.390462875366211,35.47270965576172,671.5,neutral
1767480495.618325,13.680925369262695,35.46510696411133,671.5,neutral
1767480495.652313,11.45389175415039,35.4534797668457,671.5,neutral
1767480495.6864572,10.664575576782227,35.237247467041016,671.5,neutral
1767480495.718378,10.597334861755371,35.156314849853516,672.0,neutral
1767480495.7520058,10.530927658081055,35.1226692199707,672.0,neutral
1767480495.785443,10.049348831176758,34.960716247558594,672.0,neutral
1767480495.818412,9.637537956237793,34.870941162109375,670.0,neutral
1767480495.853181,8.58362102508545,34.78928756713867,667.0,neutral
1767480495.885198,8.230975151062012,34.67274475097656,667.0,neutral
1767480495.92012,7.523820400238037,34.65180587768555,664.0,neutral
1767480495.9540029,6.064922332763672,34.650367736816406,658.0,neutral
1767480495.986712,5.710593223571777,34.59099197387695,656.5,neutral
1767480496.018455,5.710593223571777,34.569644927978516,656.5,neutral
1767480496.051959,4.792034149169922,34.53811264038086,656.0,neutral
1767480496.08522,4.372931480407715,34.323150634765625,652.5,neutral
1767480496.1185,3.8844916820526123,34.262672424316406,651.5,neutral
1767480496.152044,3.7022128105163574,34.09429168701172,650.5,neutral
1767480496.185222,3.617333173751831,34.0889778137207,647.5,neutral
1767480496.220084,2.5050928592681885,33.92349624633789,646.5,neutral
1767480496.2519119,2.277608871459961,33.91172790527344,644.0,neutral
1767480496.2853749,2.1816413402557373,33.442588806152344,642.0,neutral
1767480496.3207428,1.8183029890060425,33.38739013671875,640.5,neutral
1767480496.353773,1.3904012441635132,33.35734939575195,640.0,neutral
1767480496.38551,1.3904012441635132,33.224815368652344,637.5,neutral
1767480496.4189591,1.3904012441635132,33.08943557739258,636.0,neutral
1767480496.452152,1.3904012441635132,33.01971435546875,635.0,neutral
1767480496.487039,1.3904012441635132,33.01971435546875,632.5,neutral
1767480496.5205162,1.3904012441635132,33.01971435546875,631.0,neutral
1767480496.553876,1.344724416732788,32.94642639160156,628.5,neutral
1767480496.58586,1.344724416732788,32.94642639160156,628.5,neutral
1767480496.621175,1.344724416732788,32.915122985839844,628.5,neutral
1767480496.654403,1.344724416732788,32.91304397583008,625.0,neutral
1767480496.6872692,1.344724416732788,32.87868881225586,624.0,neutral
1767480496.720615,1.344724416732788,32.86933517456055,623.5,neutral
1767480496.754508,1.7508541345596313,32.86933517456055,623.0,neutral
1767480496.787703,1.7508541345596313,32.86933517456055,624.0,neutral
1767480496.82124,2.798898458480835,32.86933517456055,625.0,neutral
1767480496.854547,3.6913859844207764,32.837039947509766,625.0,neutral
1767480496.887984,3.483271360397339,32.76123809814453,625.5,neutral
1767480496.9209988,2.798898458480835,32.760562896728516,625.5,neutral
1767480496.954139,1.7508541345596313,32.590179443359375,626.5,neutral
1767480496.985945,1.7508541345596313,32.57453155517578,626.5,neutral
1767480497.0213199,1.2399747371673584,32.35988235473633,628.5,neutral
1767480497.054726,1.2399747371673584,32.30889129638672,630.0,neutral
1767480497.08749,1.7508541345596313,32.28220748901367,630.5,neutral
1767480497.119497,1.8224326372146606,32.26448440551758,632.0,neutral
1767480497.152821,2.0825653076171875,32.234893798828125,633.0,neutral
1767480497.1860511,2.0825653076171875,32.234893798828125,636.5,neutral
1767480497.219022,2.0825653076171875,32.234893798828125,637.5,neutral
1767480497.2525241,2.0825653076171875,32.259456634521484,637.0,neutral
1767480497.2856882,2.0825653076171875,32.259456634521484,632.0,neutral
1767480497.3191,2.0825653076171875,32.259456634521484,631.5,neutral
1767480497.352423,2.0825653076171875,32.259456634521484,632.0,neutral
1767480497.3856168,2.0825653076171875,32.35988235473633,629.5,neutral
1767480497.419165,2.0920662879943848,32.259456634521484,628.5,neutral
1767480497.4524128,2.5224123001098633,32.21976089477539,628.5,neutral
1767480497.487935,2.590801954269409,32.21976089477539,628.5,neutral
1767480497.52135,4.979999542236328,32.21976089477539,622.5,neutral
1767480497.555062,4.979999542236328,32.259456634521484,617.5,neutral
1767480497.588369,4.979999542236328,32.259456634521484,619.0,neutral
1767480497.621156,4.979999542236328,32.259456634521484,619.0,neutral
1767480497.6526809,4.979999542236328,32.259456634521484,620.0,neutral
1767480497.686027,4.979999542236328,32.21976089477539,620.0,neutral
1767480497.719052,4.979999542236328,32.1995964050293,619.5,neutral
1767480497.752331,4.979999542236328,32.08897018432617,618.5,neutral
1767480497.78577,4.0516839027404785,32.08066940307617,617.0,neutral
1767480497.819217,3.5763344764709473,32.07903289794922,616.5,neutral
1767480497.852749,3.5763344764709473,32.03660583496094,616.0,neutral
1767480497.8880022,3.5763344764709473,31.99374771118164,616.5,neutral
1767480497.921068,3.5763344764709473,31.94952964782715,617.0,neutral
1767480497.954897,3.5763344764709473,31.94952964782715,617.0,neutral
1767480497.987958,3.5763344764709473,31.966411590576172,617.5,neutral
1767480498.019362,3.5763344764709473,31.966411590576172,617.5,neutral
1767480498.054917,3.5763344764709473,31.966411590576172,617.5,neutral
1767480498.088316,4.06857967376709,31.966411590576172,617.5,neutral
1767480498.1218581,4.783481121063232,31.966411590576172,617.5,neutral
1767480498.155199,5.000644683837891,31.988819122314453,618.0,neutral
1767480498.188096,5.000644683837891,31.99374771118164,618.5,neutral
1767480498.219578,5.259267330169678,32.03036117553711,621.5,neutral
1767480498.252954,5.49689245223999,32.03036117553711,623.5,neutral
1767480498.2860641,6.947171688079834,32.16674041748047,624.5,neutral
1767480498.3193889,7.125016212463379,32.233802795410156,625.0,neutral
1767480498.352733,7.154520034790039,32.233802795410156,625.5,neutral
1767480498.386032,7.154520034790039,32.233802795410156,625.5,neutral
1767480498.4219022,7.154520034790039,32.233802795410156,627.5,neutral
1767480498.455347,7.154520034790039,32.25060272216797,629.5,neutral
1767480498.4887638,7.154520034790039,32.27210235595703,630.5,neutral
1767480498.521589,7.154520034790039,32.28934097290039,631.5,neutral
1767480498.5552158,7.154520034790039,32.301597595214844,631.5,neutral
1767480498.588554,7.125016212463379,32.301597595214844,632.0,neutral
1767480498.621956,6.947171688079834,32.301597595214844,633.5,neutral
1767480498.6553679,6.682016372680664,32.28934097290039,634.5,neutral
1767480498.686304,6.418786525726318,32.28934097290039,636.0,neutral
1767480498.719689,6.234479904174805,32.27210235595703,638.0,neutral
1767480498.753205,5.782392501831055,32.27210235595703,640.0,neutral
1767480498.788599,5.281240463256836,32.27210235595703,639.0,neutral
1767480498.8221,4.343239784240723,32.27210235595703,640.0,neutral
1767480498.8555892,2.679973840713501,32.27210235595703,640.5,neutral
1767480498.888436,2.679973840713501,32.27210235595703,640.0,neutral
1767480498.9199848,2.43664813041687,32.241477966308594,640.0,neutral
1767480498.955477,2.43664813041687,32.234371185302734,640.0,neutral
1767480498.989138,2.43664813041687,32.07101058959961,639.5,neutral
1767480499.0219781,2.43664813041687,31.741069793701172,638.0,neutral
1767480499.053223,2.43664813041687,31.69315528869629,635.5,neutral
1767480499.086467,2.43664813041687,31.68474578857422,633.5,neutral
1767480499.119856,2.529494285583496,31.61964988708496,633.0,neutral
1767480499.1531441,2.529494285583496,31.612171173095703,633.0,neutral
1767480499.1867461,2.5396804809570312,31.609210968017578,631.5,neutral
1767480499.219868,3.0127875804901123,31.5466365814209,631.0,neutral
1767480499.253087,3.2572219371795654,31.49053382873535,632.5,neutral
1767480499.286329,3.283862352371216,31.472675323486328,634.5,neutral
1767480499.32016,4.489220142364502,31.409868240356445,635.5,neutral
1767480499.3530061,5.173168659210205,31.382112503051758,636.5,neutral
1767480499.3861618,5.173168659210205,31.272035598754883,635.5,neutral
1767480499.419575,5.173168659210205,31.257043838500977,633.5,neutral
1767480499.4559228,5.173168659210205,31.21933937072754,632.5,neutral
1767480499.489393,5.173168659210205,31.21425437927246,631.0,neutral
1767480499.5227551,5.173168659210205,31.20064926147461,627.5,neutral
1767480499.55567,5.173168659210205,31.110965728759766,623.0,neutral
1767480499.589189,5.173168659210205,31.080345153808594,620.0,neutral
1767480499.621757,4.939215660095215,30.81377601623535,613.5,neutral
1767480499.6537018,4.470820903778076,30.79262351989746,608.5,neutral
1767480499.689614,4.416515827178955,30.79262351989746,609.0,neutral
1767480499.722193,4.184916019439697,30.79262351989746,609.0,neutral
1767480499.7554948,3.9692635536193848,30.761608123779297,608.0,neutral
1767480499.788971,2.0867772102355957,30.712587356567383,608.5,neutral
1767480499.822293,1.87021803855896,30.63457489013672,608.5,neutral
1767480499.856055,1.6500394344329834,30.612314224243164,608.5,neutral
1767480499.888813,1.3585385084152222,30.612314224243164,608.5,neutral
1767480499.922189,1.3585385084152222,30.561342239379883,611.0,neutral
1767480499.955932,1.3585385084152222,30.528100967407227,615.5,neutral
1767480499.988959,1.3585385084152222,30.464290618896484,620.0,neutral
1767480500.022006,1.3585385084152222,30.427291870117188,622.0,neutral
1767480500.053781,1.3585385084152222,30.340984344482422,622.0,neutral
1767480500.08691,1.6500394344329834,30.229026794433594,623.0,neutral
1767480500.120329,1.87021803855896,30.101520538330078,623.5,neutral
1767480500.153897,2.2906100749969482,30.05375099182129,623.5,neutral
1767480500.1876538,2.2906100749969482,30.03350830078125,624.0,neutral
1767480500.222757,2.2906100749969482,29.98472023010254,625.0,neutral
1767480500.256295,2.2906100749969482,29.94183349609375,625.0,neutral
1767480500.289454,2.2906100749969482,29.922679901123047,625.0,neutral
1767480500.3228228,2.2906100749969482,29.922679901123047,625.0,neutral
1767480500.356253,2.2906100749969482,29.98472023010254,626.0,neutral
1767480500.3891652,2.2906100749969482,30.03350830078125,626.0,neutral
1767480500.4224598,1.3803540468215942,30.05375099182129,626.5,neutral
1767480500.4541728,1.3803540468215942,30.05375099182129,627.5,neutral
1767480500.4875698,1.3803540468215942,30.05375099182129,628.5,neutral
1767480500.521015,1.3803540468215942,30.05375099182129,628.5,neutral
1767480500.554284,1.3803540468215942,30.072002410888672,628.0,neutral
1767480500.587577,1.3803540468215942,30.19256019592285,628.0,neutral
1767480500.620652,1.3803540468215942,30.207141876220703,628.0,neutral
1767480500.656394,1.3803540468215942,30.319307327270508,628.0,neutral
1767480500.69004,3.661935567855835,30.393869400024414,627.0,neutral
1767480500.723217,5.009139537811279,30.498912811279297,626.0,neutral
1767480500.756821,5.009139537811279,30.603151321411133,626.0,neutral
1767480500.78915,5.214928150177002,30.60814094543457,625.5,neutral
1767480500.8209012,5.214928150177002,30.642906188964844,625.0,neutral
1767480500.854244,5.214928150177002,30.642906188964844,625.0,neutral
1767480500.887723,5.214928150177002,30.642906188964844,625.0,neutral
1767480500.92134,5.235589504241943,30.642906188964844,625.5,neutral
1767480500.954607,5.913928985595703,30.679643630981445,626.0,neutral
1767480500.9880161,5.913928985595703,30.6828670501709,628.0,neutral
1767480501.021452,5.913928985595703,30.717426300048828,631.0,neutral
1767480501.056691,5.913928985595703,30.727310180664062,633.0,neutral
1767480501.0900538,5.913928985595703,30.78028106689453,632.0,neutral
1767480501.123831,5.913928985595703,30.78557586669922,631.5,neutral
1767480501.1626859,5.913928985595703,30.830341339111328,631.0,neutral
1767480501.195471,5.913928985595703,30.830341339111328,630.5,neutral
1767480501.228129,5.298564910888672,30.830341339111328,630.0,neutral
1767480501.260716,4.592212200164795,30.830341339111328,629.5,neutral
1767480501.2925062,4.592212200164795,30.792278289794922,629.0,neutral
1767480501.323112,4.592212200164795,30.78557586669922,629.0,neutral
1767480501.354184,4.573921203613281,30.735488891601562,628.5,neutral
1767480501.387691,4.573921203613281,30.735488891601562,628.5,neutral
1767480501.4233558,4.573921203613281,30.735488891601562,628.5,neutral
1767480501.4565508,4.573921203613281,30.735488891601562,629.0,neutral
1767480501.4896798,4.4344706535339355,30.72761344909668,629.5,neutral
1767480501.521224,4.4344706535339355,30.682905197143555,629.5,neutral
1767480501.5551271,4.4344706535339355,30.682905197143555,629.5,neutral
1767480501.588515,4.4344706535339355,30.680139541625977,629.5,neutral
1767480501.6215382,4.4344706535339355,30.662939071655273,629.5,neutral
1767480501.654978,4.381037712097168,30.657392501831055,629.0,neutral
1767480501.688305,4.363511562347412,30.637781143188477,629.5,neutral
1767480501.721272,4.151285171508789,30.616924285888672,629.5,neutral
1767480501.754771,3.736459255218506,30.616924285888672,629.5,neutral
1767480501.787872,3.049760580062866,30.59119987487793,629.5,neutral
1767480501.8213089,3.0373358726501465,30.587722778320312,629.5,neutral
1767480501.854458,2.815556764602661,30.587722778320312,629.5,neutral
1767480501.887904,2.5918667316436768,30.576120376586914,629.5,neutral
1767480501.9212658,2.581258773803711,30.524822235107422,629.0,neutral
1767480501.955244,2.3565213680267334,30.524822235107422,629.5,neutral
1767480501.988596,2.3565213680267334,30.524822235107422,629.5,neutral
1767480502.023306,2.12109637260437,30.474578857421875,630.0,neutral
1767480502.057177,2.12109637260437,30.399648666381836,630.0,neutral
1767480502.0899699,1.8855997323989868,30.380691528320312,630.0,neutral
1767480502.123424,1.6500394344329834,30.345125198364258,630.0,neutral
1767480502.156932,0.9430552124977112,30.34004020690918,629.5,neutral
1767480502.190104,0.7102418541908264,30.332477569580078,629.5,neutral
1767480502.221401,0.4735080599784851,30.27096939086914,629.5,neutral
1767480502.255316,0.4735080599784851,30.27096939086914,629.5,neutral
1767480502.29074,0.4735080599784851,30.268491744995117,629.5,neutral
1767480502.323693,0.4735080599784851,30.244956970214844,629.5,neutral
1767480502.3570151,0.4735080599784851,30.212644577026367,629.0,neutral
1767480502.390742,0.4735080599784851,30.212644577026367,630.5,neutral
1767480502.423884,0.4735080599784851,30.212644577026367,632.0,neutral
1767480502.4570298,0.4735080599784851,30.212644577026367,633.5,neutral
1767480502.488018,0.4735080599784851,30.212644577026367,633.5,neutral
1767480502.521473,0.4735080599784851,30.212644577026367,632.5,neutral
1767480502.555271,0.9469514489173889,30.1557674407959,632.0,neutral
1767480502.588408,1.4261562824249268,30.1557674407959,632.0,neutral
1767480502.6238341,1.6500394344329834,30.1557674407959,631.5,neutral
1767480502.657687,2.1124112606048584,30.155542373657227,631.5,neutral
1767480502.690294,2.8040831089019775,30.155542373657227,631.0,neutral
1767480502.723685,2.8040831089019775,30.14178466796875,631.5,neutral
1767480502.755191,3.7517290115356445,30.14178466796875,631.5,neutral
1767480502.7885,4.219095230102539,30.14178466796875,632.0,neutral
1767480502.8223062,4.219095230102539,30.14178466796875,631.5,neutral
1767480502.855396,4.219095230102539,30.14178466796875,631.5,neutral
1767480502.888602,4.219095230102539,30.11014175415039,632.0,neutral
1767480502.922262,4.219095230102539,30.088768005371094,631.5,neutral
1767480502.957323,4.219095230102539,30.082326889038086,629.5,neutral
1767480502.99086,4.219095230102539,30.064788818359375,628.5,neutral
1767480503.024073,4.219095230102539,30.064788818359375,628.0,neutral
1767480503.057068,4.2019362449646,30.05829620361328,628.0,neutral
1767480503.0890539,3.9692635536193848,30.02529525756836,628.0,neutral
1767480503.124031,3.9692635536193848,30.02233123779297,627.5,neutral
1767480503.156805,3.9692635536193848,29.935361862182617,626.5,neutral
1767480503.188643,3.9692635536193848,29.935361862182617,626.5,neutral
1767480503.2222772,3.9692635536193848,29.61956024169922,627.0,neutral
1767480503.2558,3.9692635536193848,29.49613380432129,627.0,neutral
1767480503.289143,3.9692635536193848,29.406265258789062,627.0,neutral
1767480503.322521,3.9692635536193848,29.406265258789062,627.0,neutral
1767480503.3576052,4.0516839027404785,29.364484786987305,627.5,neutral
1767480503.3909261,5.259267330169678,29.334590911865234,627.5,neutral
1767480503.424063,6.445417881011963,29.334590911865234,628.0,neutral
1767480503.457418,7.359954357147217,29.334590911865234,628.0,neutral
1767480503.490454,7.390408992767334,29.334590911865234,628.0,neutral
1767480503.52406,7.626047134399414,29.334590911865234,628.5,neutral
1767480503.5575838,8.365885734558105,29.364484786987305,627.5,neutral
1767480503.590992,8.365885734558105,29.37347412109375,628.0,neutral
1767480503.623898,8.365885734558105,29.37879180908203,628.5,neutral
1767480503.657744,8.365885734558105,29.406265258789062,629.0,neutral
1767480503.690871,8.365885734558105,29.406265258789062,629.5,neutral
1767480503.724035,8.365885734558105,29.416322708129883,630.0,neutral
1767480503.757345,8.365885734558105,29.433372497558594,630.0,neutral
1767480503.789481,8.365885734558105,29.533348083496094,630.5,neutral
1767480503.824168,8.163945198059082,29.580326080322266,631.0,neutral
1767480503.857162,7.421115875244141,29.629072189331055,630.5,neutral
1767480503.890999,6.445417881011963,29.698286056518555,630.5,neutral
1767480503.9243252,5.281240463256836,29.705097198486328,630.5,neutral
1767480503.957691,4.783481121063232,29.804170608520508,630.0,neutral
1767480503.990956,4.545335292816162,29.9527530670166,630.0,neutral
1767480504.024178,4.06857967376709,29.962127685546875,630.0,neutral
1767480504.057605,3.5763344764709473,29.993423461914062,631.5,neutral
1767480504.090652,3.3664605617523193,30.026493072509766,634.5,neutral
1767480504.122338,3.1264944076538086,30.057079315185547,635.0,neutral
1767480504.15579,2.886418581008911,30.098953247070312,635.0,neutral
1767480504.188517,2.43664813041687,30.098983764648438,635.5,neutral
1767480504.2228658,2.43664813041687,30.151554107666016,636.0,neutral
1767480504.258125,2.43664813041687,30.151554107666016,636.0,neutral
1767480504.291445,2.2120420932769775,30.21249008178711,636.0,neutral
1767480504.324467,1.9497417211532593,30.326583862304688,635.5,neutral
1767480504.3579772,1.925183653831482,30.49832534790039,635.0,neutral
1767480504.3908968,1.6989529132843018,30.646263122558594,635.0,neutral
1767480504.42273,1.6989529132843018,30.706422805786133,635.5,neutral
1767480504.4563,1.6989529132843018,30.719669342041016,635.5,neutral
1767480504.491441,1.9497417211532593,30.752904891967773,637.0,neutral
1767480504.524189,1.9497417211532593,30.778499603271484,639.0,neutral
1767480504.555947,1.9497417211532593,30.822519302368164,640.0,neutral
1767480504.589428,1.9497417211532593,30.848356246948242,640.0,neutral
1767480504.624904,1.9497417211532593,30.87390899658203,640.0,neutral
1767480504.6576169,1.7979319095611572,30.9301700592041,639.5,neutral
1767480504.691336,1.7819606065750122,30.934289932250977,640.5,neutral
1767480504.72481,1.7662705183029175,30.934289932250977,640.5,neutral
1767480504.756418,1.541218638420105,30.934289932250977,640.5,neutral
1767480504.7891572,1.520769715309143,31.20732879638672,640.0,neutral
1767480504.823256,1.520769715309143,31.25269317626953,639.5,neutral
1767480504.856193,1.520769715309143,31.27889633178711,638.5,neutral
1767480504.8917649,1.541218638420105,31.27889633178711,638.5,neutral
1767480504.9248378,1.541218638420105,31.27889633178711,638.0,neutral
1767480504.9587278,1.541218638420105,31.27889633178711,638.5,neutral
1767480504.991533,1.541218638420105,31.27889633178711,638.5,neutral
1767480505.024555,1.541218638420105,31.27889633178711,639.0,neutral
1767480505.056111,1.7819606065750122,31.27889633178711,639.0,neutral
1767480505.089494,1.7979319095611572,31.20732879638672,639.5,neutral
1767480505.12306,2.0920662879943848,31.183759689331055,639.5,neutral
1767480505.157701,3.1363582611083984,31.08969497680664,638.5,neutral
1767480505.1918368,3.3664605617523193,31.08969497680664,638.5,neutral
1767480505.225426,3.8828985691070557,31.058349609375,639.0,neutral
1767480505.258487,4.635463237762451,30.97405242919922,639.0,neutral
1767480505.290111,5.147884845733643,30.93406867980957,638.5,neutral
1767480505.3230321,5.659482002258301,30.821290969848633,638.5,neutral
1767480505.3585,5.659482002258301,30.821290969848633,638.0,neutral
1767480505.390174,5.941519737243652,30.821290969848633,638.0,neutral
1767480505.423757,6.197877407073975,30.821290969848633,638.0,neutral
1767480505.4583838,6.4251580238342285,30.821290969848633,638.0,neutral
1767480505.492377,6.483073711395264,30.821290969848633,638.5,neutral
1767480505.5590458,6.483073711395264,30.821290969848633,638.5,neutral
1767480505.629909,6.6798858642578125,30.821290969848633,639.0,neutral
1767480505.665788,6.709836959838867,30.879634857177734,639.0,neutral
1767480505.7028952,6.770547389984131,30.954042434692383,639.0,neutral
1767480505.7695518,6.770547389984131,31.02914810180664,639.0,neutral
1767480505.836282,6.770547389984131,31.074934005737305,639.0,neutral
1767480505.903309,6.770547389984131,31.117069244384766,639.0,neutral
1767480505.9693198,6.770547389984131,31.148860931396484,639.0,neutral
1767480506.034306,6.770547389984131,31.161392211914062,638.0,neutral
1767480506.069945,6.770547389984131,31.161392211914062,638.0,neutral
1767480506.136575,6.770547389984131,31.176687240600586,638.0,neutral
1767480506.203552,6.770547389984131,31.176687240600586,638.5,neutral
1767480506.2705019,6.770547389984131,31.307331085205078,638.5,neutral
1767480506.3371441,6.770547389984131,31.307331085205078,638.5,neutral
1767480506.4035368,6.5420379638671875,31.395233154296875,639.0,neutral
1767480506.470142,6.5420379638671875,31.395233154296875,639.5,neutral
1767480506.536513,6.5420379638671875,31.395233154296875,639.5,neutral
1767480506.603252,6.5420379638671875,31.498428344726562,640.0,neutral
1767480506.669802,6.5420379638671875,31.50690269470215,640.0,neutral
1767480506.7367449,6.5420379638671875,31.539831161499023,640.5,neutral
1767480506.8037271,6.5420379638671875,31.539831161499023,640.5,neutral
1767480506.870549,6.5420379638671875,31.552011489868164,640.5,neutral
1767480506.936395,7.188537120819092,31.56616973876953,640.0,neutral
1767480507.003977,7.442441463470459,31.56616973876953,640.0,neutral
1767480507.0743392,7.661951065063477,31.56616973876953,640.0,neutral
1767480507.137256,7.696051597595215,31.56616973876953,639.5,neutral
1767480507.202815,7.9141645431518555,31.56616973876953,640.0,neutral
1767480507.270273,7.949358940124512,31.56616973876953,640.0,neutral
1767480507.3361979,7.949358940124512,31.560808181762695,640.5,neutral
1767480507.4033659,7.949358940124512,31.560808181762695,640.5,neutral
1767480507.469895,7.949358940124512,31.560808181762695,640.5,neutral
1767480507.536963,7.949358940124512,31.560808181762695,640.5,neutral
1767480507.6032388,7.949358940124512,31.60651969909668,640.5,neutral
1767480507.670075,7.9141645431518555,31.60651969909668,640.5,neutral
1767480507.737225,7.9141645431518555,31.60651969909668,641.5,neutral
1767480507.803473,7.9141645431518555,31.60651969909668,641.5,neutral
1767480507.870551,7.661951065063477,31.60651969909668,641.5,neutral
1767480507.937109,7.628149509429932,31.560808181762695,642.0,neutral
1767480508.003544,7.34429931640625,31.63319969177246,642.0,neutral
1767480508.070397,7.34429931640625,31.633859634399414,642.5,neutral
1767480508.137069,7.34429931640625,31.633859634399414,642.5,neutral
1767480508.20358,7.312154769897461,31.633859634399414,642.0,neutral
1767480508.270253,7.312154769897461,31.645418167114258,641.5,neutral
1767480508.337302,7.312154769897461,31.645418167114258,641.5,neutral
1767480508.4034472,7.312154769897461,31.64596176147461,642.0,neutral
1767480508.471228,7.312154769897461,31.64596176147461,642.0,neutral
1767480508.5370061,7.312154769897461,31.64596176147461,642.0,neutral
1767480508.604368,7.312154769897461,31.694561004638672,642.0,neutral
1767480508.672332,7.312154769897461,31.694561004638672,641.5,neutral
1767480508.738009,7.312154769897461,31.696195602416992,641.5,neutral
1767480508.804585,7.312154769897461,31.696195602416992,641.5,neutral
1767480508.870677,7.528501033782959,31.694561004638672,641.5,neutral
1767480508.93756,7.528501033782959,31.694561004638672,641.5,neutral
1767480509.004889,7.776429176330566,31.694561004638672,641.5,neutral
1767480509.071288,7.776429176330566,31.645418167114258,641.5,neutral
1767480509.138048,7.776429176330566,31.642776489257812,641.0,neutral
1767480509.205405,7.776429176330566,31.642776489257812,641.0,neutral
1767480509.27124,7.8104143142700195,31.642776489257812,641.0,neutral
1767480509.337708,7.8104143142700195,31.642776489257812,641.0,neutral
1767480509.404381,7.8104143142700195,31.642776489257812,641.5,neutral
1767480509.470931,7.776429176330566,31.616931915283203,641.5,neutral
1767480509.537611,7.528501033782959,31.616931915283203,641.5,neutral
1767480509.604521,7.528501033782959,31.589895248413086,641.5,neutral
1767480509.6709409,7.528501033782959,31.589895248413086,641.5,neutral
1767480509.7373939,7.528501033782959,31.571699142456055,641.5,neutral
1767480509.804545,7.528501033782959,31.57071876525879,641.5,neutral
1767480509.870912,7.528501033782959,31.561647415161133,643.5,neutral
1767480509.93806,7.528501033782959,31.535184860229492,644.5,neutral
1767480510.004726,7.528501033782959,31.528352737426758,644.5,neutral
1767480510.071284,7.2486982345581055,31.50461196899414,644.5,neutral
1767480510.137726,7.031802177429199,31.50461196899414,644.5,neutral
1767480510.204607,7.031802177429199,31.50461196899414,644.5,neutral
1767480510.271762,7.031802177429199,31.50461196899414,644.5,neutral
1767480510.337919,7.031802177429199,31.50461196899414,644.0,neutral
1767480510.4051452,7.031802177429199,31.472532272338867,644.5,neutral
1767480510.471126,7.031802177429199,31.31409454345703,645.0,neutral
1767480510.538815,7.217379093170166,31.31409454345703,645.0,neutral
1767480510.605748,7.2486982345581055,31.31409454345703,646.0,neutral
1767480510.671833,7.463494300842285,31.31409454345703,646.0,neutral
1767480510.739042,7.844696044921875,31.31409454345703,647.0,neutral
1767480510.805491,8.727277755737305,31.31409454345703,647.0,neutral
1767480510.872169,9.217643737792969,31.31409454345703,647.5,neutral
1767480510.938814,9.665066719055176,31.31409454345703,647.0,neutral
1767480511.005396,9.908037185668945,31.36794662475586,647.5,neutral
1767480511.072045,9.908037185668945,31.42841339111328,647.0,neutral
1767480511.139703,9.908037185668945,31.437929153442383,647.0,neutral
1767480511.205601,9.908037185668945,31.47014045715332,647.0,neutral
1767480511.272249,9.908037185668945,31.47014045715332,647.0,neutral
1767480511.338915,9.908037185668945,31.47022247314453,647.0,neutral
1767480511.405399,9.908037185668945,31.511798858642578,647.0,neutral
1767480511.472148,9.908037185668945,31.565309524536133,647.0,neutral
1767480511.5385358,9.908037185668945,31.580839157104492,646.5,neutral
1767480511.6056268,9.908037185668945,31.580839157104492,646.5,neutral
1767480511.672108,9.908037185668945,31.61165428161621,646.5,neutral
1767480511.73883,9.665066719055176,31.656129837036133,646.5,neutral
1767480511.8054342,9.665066719055176,31.656129837036133,646.5,neutral
1767480511.872138,9.623831748962402,31.72688102722168,646.0,neutral
1767480511.938907,9.381509780883789,31.771270751953125,646.5,neutral
1767480512.0058749,9.341614723205566,31.77212142944336,646.5,neutral
1767480512.072771,9.217643737792969,31.8144588470459,646.5,neutral
1767480512.139893,9.217643737792969,31.8144588470459,646.5,neutral
1767480512.2052648,9.217643737792969,31.928674697875977,646.5,neutral
1767480512.2720268,9.217643737792969,31.954166412353516,646.5,neutral
1767480512.339288,9.217643737792969,31.954166412353516,645.0,neutral
1767480512.405612,9.217643737792969,31.954166412353516,645.0,neutral
1767480512.472539,9.217643737792969,31.954166412353516,645.0,neutral
1767480512.5389912,8.972626686096191,31.954166412353516,645.0,neutral
1767480512.606535,8.972626686096191,31.928674697875977,645.0,neutral
1767480512.672877,8.727277755737305,31.928674697875977,645.0,neutral
1767480512.739624,8.23561954498291,31.800004959106445,645.0,neutral
1767480512.8056169,7.4958577156066895,31.800004959106445,645.5,neutral
1767480512.8734841,7.4958577156066895,31.846446990966797,645.5,neutral
1767480512.938844,7.4958577156066895,31.846446990966797,645.5,neutral
1767480513.006023,7.4958577156066895,31.846446990966797,645.5,neutral
1767480513.072923,7.4958577156066895,31.846446990966797,645.5,neutral
1767480513.14078,7.4958577156066895,31.846446990966797,645.5,neutral
1767480513.2066581,7.4958577156066895,31.846446990966797,646.0,neutral
1767480513.272606,7.463494300842285,31.846446990966797,646.0,neutral
1767480513.339576,7.463494300842285,31.87197494506836,647.0,neutral
1767480513.406681,7.463494300842285,31.875411987304688,646.5,neutral
1767480513.4738529,7.463494300842285,32.06031036376953,647.0,neutral
1767480513.540067,7.463494300842285,32.06597137451172,647.0,neutral
1767480513.606627,7.463494300842285,32.067867279052734,647.0,neutral
1767480513.6733282,7.431407928466797,32.13505172729492,647.0,neutral
1767480513.739737,7.431407928466797,32.226688385009766,647.0,neutral
1767480513.807059,7.15554141998291,32.226688385009766,647.0,neutral
1767480513.8733811,6.695382595062256,32.270050048828125,647.5,neutral
1767480513.9398882,6.666659832000732,32.270050048828125,648.0,neutral
1767480514.006801,6.666659832000732,32.270050048828125,648.0,neutral
1767480514.074076,6.421848297119141,32.270050048828125,648.0,neutral
1767480514.140681,6.421848297119141,32.226688385009766,648.0,neutral
1767480514.206692,6.421848297119141,32.226688385009766,646.5,neutral
1767480514.2732868,6.1768012046813965,32.226688385009766,646.5,neutral
1767480514.340417,5.931527137756348,32.226688385009766,646.0,neutral
1767480514.406524,5.7353644371032715,32.226688385009766,646.5,neutral
1767480514.4735308,5.7353644371032715,32.2244987487793,646.5,neutral
1767480514.53985,5.7353644371032715,32.17549133300781,647.0,neutral
1767480514.6072562,5.7353644371032715,32.17549133300781,647.5,neutral
1767480514.6734982,5.7353644371032715,32.151710510253906,648.5,neutral
1767480514.740284,5.7353644371032715,32.139442443847656,649.0,neutral
1767480514.806526,5.7353644371032715,32.09547805786133,649.0,neutral
1767480514.8733299,5.7353644371032715,32.07036209106445,650.0,neutral
1767480514.9402509,6.230324745178223,32.07036209106445,650.0,neutral
1767480515.007189,6.367179870605469,32.07036209106445,650.5,neutral
1767480515.073833,6.581944465637207,32.09547805786133,651.5,neutral
1767480515.141988,6.609943866729736,32.09547805786133,652.0,neutral
1767480515.207337,6.609943866729736,32.09547805786133,652.5,neutral
1767480515.272727,6.695382595062256,32.09547805786133,652.5,neutral
1767480515.335934,6.766174793243408,32.151710510253906,653.0,neutral
1767480515.3711848,6.766174793243408,32.198081970214844,653.5,neutral
1767480515.4049659,6.766174793243408,32.249263763427734,653.5,neutral
1767480515.464534,6.766174793243408,32.28271484375,653.5,neutral
1767480515.502678,6.766174793243408,32.30004119873047,653.5,neutral
1767480515.538583,6.766174793243408,32.30004119873047,653.0,neutral
1767480515.574304,6.766174793243408,32.30004119873047,653.0,neutral
1767480515.6403751,6.766174793243408,32.30004119873047,653.0,neutral
1767480515.707414,6.766174793243408,32.30004119873047,652.5,neutral
1767480515.7744498,6.766174793243408,32.30004119873047,651.5,neutral
1767480515.841225,6.766174793243408,32.30004119873047,651.5,neutral
1767480515.907251,6.766174793243408,32.28271484375,651.0,neutral
1767480515.974439,6.526648998260498,32.25563049316406,650.0,neutral
1767480516.041344,6.286893367767334,32.25563049316406,650.0,neutral
1767480516.107848,6.286893367767334,32.25563049316406,650.0,neutral
1767480516.174984,5.831266403198242,32.23203659057617,650.0,neutral
1767480516.241332,5.61360502243042,32.04185104370117,650.0,neutral
1767480516.308275,5.370994567871094,31.901866912841797,650.0,neutral
1767480516.37487,5.150082111358643,31.901866912841797,649.5,neutral
1767480516.44188,5.150082111358643,31.8752498626709,649.5,neutral
1767480516.50842,5.150082111358643,31.8752498626709,649.5,neutral
1767480516.575192,5.150082111358643,31.8752498626709,649.5,neutral
1767480516.642057,5.150082111358643,31.8752498626709,650.0,neutral
1767480516.7083552,5.150082111358643,31.8752498626709,650.5,neutral
1767480516.775291,5.128190994262695,31.8752498626709,651.5,neutral
1767480516.841752,4.927109718322754,31.8752498626709,652.5,neutral
1767480516.908874,4.90606689453125,31.92375373840332,653.5,neutral
1767480516.974806,4.70205545425415,31.94205665588379,653.5,neutral
1767480517.0408762,4.70205545425415,31.94209861755371,653.5,neutral
1767480517.102745,4.70205545425415,31.942550659179688,652.5,neutral
1767480517.141422,4.70205545425415,31.942550659179688,652.0,neutral
1767480517.17371,4.70205545425415,31.955123901367188,651.0,neutral
1767480517.241408,4.39870548248291,31.95561981201172,650.5,neutral
1767480517.3086998,4.1909074783325195,32.01185607910156,650.5,neutral
1767480517.375499,4.172984600067139,32.06570053100586,650.0,neutral
1767480517.442079,4.137593746185303,32.06570053100586,649.5,neutral
1767480517.5060768,4.137593746185303,32.08428192138672,649.5,neutral
1767480517.542054,4.137593746185303,32.08428192138672,649.5,neutral
1767480517.6088572,4.137593746185303,32.06570053100586,649.5,neutral
1767480517.672936,4.120121955871582,32.06570053100586,648.0,neutral
1767480517.739424,4.120121955871582,32.05975341796875,647.5,neutral
1767480517.80592,4.049581527709961,31.95561981201172,647.0,neutral
1767480517.841564,3.9622106552124023,31.955123901367188,647.0,neutral
1767480517.909281,3.848179578781128,31.942550659179688,646.5,neutral
1767480517.9752,3.7640347480773926,31.90516471862793,647.0,neutral
1767480518.042782,3.667788028717041,31.90516471862793,647.0,neutral
1767480518.109301,3.3817272186279297,31.636871337890625,648.0,neutral
1767480518.175773,3.209486246109009,31.34366798400879,648.5,neutral
1767480518.242552,2.9019105434417725,31.33173179626465,648.0,neutral
1767480518.3093278,2.4082164764404297,31.33173179626465,648.5,neutral
1767480518.375777,2.4082164764404297,31.33173179626465,647.5,neutral
1767480518.4429219,2.4082164764404297,31.33173179626465,648.5,neutral
1767480518.5093582,2.4082164764404297,31.33173179626465,648.5,neutral
1767480518.575994,2.4082164764404297,31.33173179626465,649.0,neutral
1767480518.642694,2.4082164764404297,31.33173179626465,649.0,neutral
1767480518.709281,2.4082164764404297,31.34366798400879,650.0,neutral
1767480518.775928,3.209486246109009,31.40911293029785,650.0,neutral
1767480518.843328,3.255021333694458,31.566892623901367,650.0,neutral
1767480518.9098501,4.336404800415039,31.828195571899414,650.0,neutral
1767480518.9764009,5.41470193862915,31.83527183532715,650.0,neutral
1767480519.0431108,5.552970886230469,31.852766036987305,650.5,neutral
1767480519.109795,5.630682945251465,32.00178146362305,650.5,neutral
1767480519.176595,5.657070636749268,32.03878402709961,651.5,neutral
1767480519.243351,5.657070636749268,32.05734634399414,651.5,neutral
1767480519.309886,5.896963596343994,32.05734634399414,652.0,neutral
1767480519.37647,5.896963596343994,32.05734634399414,652.5,neutral
1767480519.442979,6.162988662719727,32.05734634399414,653.5,neutral
1767480519.509909,7.577426910400391,32.05734634399414,656.0,neutral
1767480519.5763159,7.871181964874268,32.05734634399414,655.5,neutral
1767480519.64339,8.824784278869629,32.05734634399414,655.5,neutral
1767480519.709943,9.632718086242676,32.03878402709961,655.5,neutral
1767480519.776303,10.188628196716309,31.923025131225586,656.5,neutral
1767480519.843341,11.618524551391602,31.662906646728516,656.5,neutral
1767480519.910215,12.757532119750977,31.442392349243164,658.5,neutral
1767480519.9768581,12.757532119750977,31.33134651184082,659.0,neutral
1767480520.0433788,12.757532119750977,31.106027603149414,658.0,neutral
1767480520.109647,12.757532119750977,31.106027603149414,658.0,neutral
1767480520.176769,12.757532119750977,31.106027603149414,658.0,neutral
1767480520.243793,12.757532119750977,31.106027603149414,658.0,neutral
1767480520.310532,12.757532119750977,31.106027603149414,658.0,neutral
1767480520.377606,12.757532119750977,31.106027603149414,658.0,neutral
1767480520.443553,12.26477336883545,31.106027603149414,658.0,neutral
1767480520.510058,12.0567626953125,31.106027603149414,658.0,neutral
1767480520.5767848,11.25643539428711,31.29842185974121,658.0,neutral
1767480520.644026,10.988651275634766,31.374988555908203,658.5,neutral
1767480520.709667,10.885526657104492,31.374988555908203,659.0,neutral
1767480520.77701,10.73437786102295,31.432315826416016,659.5,neutral
1767480520.843461,10.720379829406738,31.65884780883789,660.5,neutral
1767480520.910654,10.720379829406738,31.714345932006836,661.0,neutral
1767480520.977247,10.720379829406738,31.794227600097656,661.5,neutral
1767480521.043767,10.720379829406738,31.794227600097656,661.5,neutral
1767480521.110686,10.720379829406738,31.8388614654541,661.5,neutral
1767480521.177241,10.720379829406738,31.914684295654297,661.5,neutral
1767480521.243487,10.73437786102295,31.940393447875977,661.5,neutral
1767480521.3103948,10.73437786102295,31.957508087158203,661.5,neutral
1767480521.377337,10.945658683776855,31.957508087158203,661.5,neutral
1767480521.443895,11.779131889343262,31.957508087158203,662.5,neutral
1767480521.510852,11.779131889343262,31.957508087158203,662.5,neutral
1767480521.577694,12.00020980834961,31.9528865814209,663.0,neutral
1767480521.644284,12.150911331176758,31.926185607910156,663.0,neutral
1767480521.71068,12.380757331848145,31.914684295654297,663.0,neutral
1767480521.777909,12.587693214416504,31.914684295654297,663.0,neutral
1767480521.8444118,12.707113265991211,31.914684295654297,663.5,neutral
1767480521.911339,12.76766300201416,31.914684295654297,663.5,neutral
1767480521.9776692,12.974102973937988,31.926185607910156,664.0,neutral
1767480522.044811,12.974102973937988,31.9528865814209,664.5,neutral
1767480522.107929,12.974102973937988,31.957508087158203,665.0,neutral
1767480522.144799,12.974102973937988,31.986257553100586,665.0,neutral
1767480522.208802,12.974102973937988,32.01936721801758,665.0,neutral
1767480522.244307,12.974102973937988,32.355682373046875,665.5,neutral
1767480522.310956,12.974102973937988,32.355682373046875,665.0,neutral
1767480522.377478,12.974102973937988,32.63418960571289,665.5,neutral
1767480522.4443688,12.974102973937988,32.65245056152344,665.5,neutral
1767480522.5115252,13.035837173461914,32.68156433105469,665.5,neutral
1767480522.5775309,13.240519523620605,32.780029296875,665.5,neutral
1767480522.645029,13.353370666503906,32.7844352722168,665.5,neutral
1767480522.711168,13.353370666503906,32.803836822509766,665.5,neutral
1767480522.777879,13.353370666503906,32.814510345458984,666.0,neutral
1767480522.844487,13.353370666503906,32.85525131225586,666.0,neutral
1767480522.911228,13.353370666503906,32.85525131225586,665.0,neutral
1767480522.97773,13.353370666503906,32.888710021972656,665.0,neutral
1767480523.044304,13.353370666503906,32.888710021972656,664.0,neutral
1767480523.1110551,13.353370666503906,32.888710021972656,663.5,neutral
1767480523.177869,12.804265975952148,32.85525131225586,663.5,neutral
1767480523.244687,12.619321823120117,32.85525131225586,663.5,neutral
1767480523.310539,11.473478317260742,32.83757019042969,663.0,neutral
1767480523.3776839,10.329682350158691,32.83757019042969,662.5,neutral
1767480523.444632,9.508085250854492,32.814510345458984,662.5,neutral
1767480523.511594,8.914926528930664,32.807613372802734,662.5,neutral
1767480523.578051,8.599088668823242,32.807613372802734,662.5,neutral
1767480523.644804,8.557965278625488,32.514068603515625,662.5,neutral
1767480523.7115352,8.557965278625488,32.458255767822266,662.5,neutral
1767480523.778493,8.05182933807373,32.458255767822266,662.0,neutral
1767480523.845109,8.05182933807373,32.458255767822266,662.0,neutral
1767480523.911697,8.013252258300781,32.44203186035156,661.5,neutral
1767480523.978018,8.013252258300781,32.44203186035156,660.5,neutral
1767480524.0451589,8.013252258300781,32.44203186035156,660.0,neutral
1767480524.111905,8.013252258300781,32.44203186035156,660.0,neutral
1767480524.178406,8.013252258300781,32.44203186035156,660.0,neutral
1767480524.245502,8.05182933807373,32.41606521606445,660.0,neutral
1767480524.312601,8.05182933807373,32.41606521606445,660.0,neutral
1767480524.37917,8.05182933807373,32.445499420166016,660.5,neutral
1767480524.445672,9.135188102722168,32.486839294433594,661.0,neutral
1767480524.511848,10.743786811828613,32.486839294433594,661.5,neutral
1767480524.578636,10.797868728637695,32.486839294433594,660.5,neutral
1767480524.6456902,11.138559341430664,32.486839294433594,660.0,neutral
1767480524.711617,12.115242004394531,32.486839294433594,659.5,neutral
1767480524.779361,12.658509254455566,32.486839294433594,659.5,neutral
1767480524.8455691,12.658509254455566,32.445499420166016,658.5,neutral
1767480524.9124649,12.658509254455566,32.445499420166016,658.0,neutral
1767480524.9793139,12.658509254455566,32.39629364013672,657.5,neutral
1767480525.045506,12.658509254455566,32.39629364013672,656.0,neutral
1767480525.112541,12.658509254455566,32.39629364013672,656.5,neutral
1767480525.17914,12.658509254455566,32.39629364013672,658.0,neutral
1767480525.2452931,12.658509254455566,32.45438766479492,658.0,neutral
1767480525.3127859,11.780523300170898,32.45438766479492,658.0,neutral
1767480525.3789,11.780523300170898,32.43897247314453,657.0,neutral
1767480525.445856,11.309932708740234,32.3947868347168,657.5,neutral
1767480525.51198,10.954062461853027,32.3947868347168,655.5,neutral
1767480525.579382,10.413825035095215,32.3947868347168,655.0,neutral
1767480525.645379,9.314779281616211,32.37993240356445,654.0,neutral
1767480525.711754,9.078758239746094,32.37993240356445,654.0,neutral
1767480525.778978,9.078758239746094,32.37993240356445,654.0,neutral
1767480525.845796,9.078758239746094,32.37993240356445,654.5,neutral
1767480525.912758,9.078758239746094,32.30775451660156,654.5,neutral
1767480525.979191,9.078758239746094,32.219573974609375,654.5,neutral
1767480526.0461419,9.078758239746094,32.02772903442383,654.5,neutral
1767480526.11259,9.078758239746094,32.02772903442383,655.0,neutral
1767480526.179044,9.078758239746094,32.00928497314453,655.0,neutral
1767480526.246042,9.090276718139648,31.951005935668945,655.0,neutral
1767480526.312466,9.648045539855957,31.951005935668945,655.0,neutral
1767480526.379879,9.648045539855957,31.951005935668945,655.5,neutral
1767480526.445744,9.648045539855957,31.951005935668945,655.5,neutral
1767480526.512682,9.648045539855957,31.951005935668945,655.5,neutral
1767480526.5797892,9.648045539855957,31.931421279907227,656.5,neutral
1767480526.646636,9.648045539855957,31.931421279907227,656.0,neutral
1767480526.713154,9.648045539855957,31.931421279907227,657.0,neutral
1767480526.779725,9.648045539855957,31.931421279907227,657.0,neutral
1767480526.846158,9.648045539855957,32.08806610107422,657.5,neutral
1767480526.913235,9.648045539855957,32.1369514465332,657.5,neutral
1767480526.9802508,9.648045539855957,32.1369514465332,657.5,neutral
1767480527.046792,8.95813274383545,32.157379150390625,657.5,neutral
1767480527.1128168,8.682523727416992,32.22390365600586,658.0,neutral
1767480527.179967,8.365885734558105,32.25978088378906,658.0,neutral
1767480527.247514,7.503087520599365,32.28612518310547,658.0,neutral
1767480527.3129568,7.467076778411865,32.31337356567383,658.0,neutral
1767480527.379641,7.159080505371094,32.42705154418945,658.5,neutral
1767480527.447097,6.3099565505981445,32.45866394042969,658.5,neutral
1767480527.513597,6.3099565505981445,32.45866394042969,659.0,neutral
1767480527.5803468,6.009006023406982,32.46067810058594,659.5,neutral
1767480527.647224,6.009006023406982,32.48811721801758,659.5,neutral
1767480527.7135339,5.737734794616699,32.507999420166016,660.0,neutral
1767480527.780444,5.737734794616699,32.507999420166016,661.0,neutral
1767480527.846806,5.710593223571777,32.513694763183594,661.5,neutral
1767480527.913604,5.710593223571777,32.52835464477539,661.0,neutral
1767480527.980596,5.710593223571777,32.52835464477539,660.0,neutral
1767480528.047094,5.710593223571777,32.52835464477539,659.5,neutral
1767480528.113344,5.710593223571777,32.5352783203125,659.0,neutral
1767480528.1804092,5.737734794616699,32.5352783203125,659.0,neutral
1767480528.24677,5.737734794616699,32.5352783203125,660.0,neutral
1767480528.31354,5.737734794616699,32.5352783203125,661.0,neutral
1767480528.3802729,6.428747653961182,32.548580169677734,661.5,neutral
1767480528.4471428,6.4588165283203125,32.575279235839844,662.0,neutral
1767480528.5136561,6.7570977210998535,32.58346939086914,662.5,neutral
1767480528.580707,6.821152210235596,32.5966796875,662.5,neutral
1767480528.6469781,6.821152210235596,32.61220932006836,662.5,neutral
1767480528.713696,6.821152210235596,32.67012405395508,663.0,neutral
1767480528.780461,6.821152210235596,32.6724853515625,663.5,neutral
1767480528.846941,6.986704349517822,32.74333190917969,663.0,neutral
1767480528.91392,7.0247321128845215,32.6724853515625,662.5,neutral
1767480528.980702,7.125016212463379,32.6724853515625,663.5,neutral
1767480529.046338,7.292058944702148,32.68504333496094,664.0,neutral
1767480529.1139681,7.326406478881836,32.68504333496094,664.0,neutral
1767480529.181875,7.862545490264893,32.71586227416992,664.0,neutral
1767480529.248076,8.47687816619873,32.84099197387695,664.5,neutral
1767480529.314704,8.8107328414917,32.84099197387695,664.0,neutral
1767480529.3806798,10.17551040649414,32.84099197387695,664.5,neutral
1767480529.44754,10.407711029052734,32.84099197387695,664.5,neutral
1767480529.5143502,10.459909439086914,32.829898834228516,665.0,neutral
1767480529.580673,10.743786811828613,32.829898834228516,665.5,neutral
1767480529.648344,10.917885780334473,32.829898834228516,666.5,neutral
1767480529.7140448,10.917885780334473,32.829898834228516,668.0,neutral
1767480529.781552,10.917885780334473,32.829898834228516,668.5,neutral
1767480529.847759,10.972240447998047,32.829898834228516,669.0,neutral
1767480529.914572,10.980649948120117,32.84099197387695,669.5,neutral
1767480529.9812548,10.980649948120117,32.879417419433594,669.5,neutral
1767480530.04833,11.309932708740234,32.889793395996094,669.5,neutral
1767480530.1147032,11.309932708740234,32.99638366699219,668.5,neutral
1767480530.181144,11.592175483703613,32.99638366699219,666.0,neutral
1767480530.24794,11.592175483703613,33.00166702270508,662.5,neutral
1767480530.314977,11.592175483703613,33.00648498535156,663.0,neutral
1767480530.381939,11.198026657104492,33.02388000488281,663.0,neutral
1767480530.448451,11.198026657104492,33.04095458984375,663.0,neutral
1767480530.515438,11.198026657104492,33.049686431884766,662.5,neutral
1767480530.5818439,11.253705024719238,33.059940338134766,662.0,neutral
1767480530.6483672,11.366717338562012,33.094688415527344,662.5,neutral
1767480530.715335,11.650299072265625,33.09605026245117,662.5,neutral
1767480530.781858,11.756673812866211,33.14177322387695,662.5,neutral
1767480530.8492632,11.756673812866211,33.26129150390625,663.0,neutral
1767480530.915327,11.814974784851074,33.26630401611328,662.5,neutral
1767480530.9818041,11.756673812866211,33.29319381713867,662.0,neutral
1767480531.048352,11.69893741607666,33.31134033203125,662.0,neutral
1767480531.115223,11.650299072265625,33.3373908996582,662.0,neutral
1767480531.181874,11.421186447143555,33.37693405151367,662.0,neutral
1767480531.248624,11.421186447143555,33.37694549560547,663.0,neutral
1767480531.315243,11.421186447143555,33.40192413330078,663.0,neutral
1767480531.381949,11.421186447143555,33.40338134765625,663.0,neutral
1767480531.448792,11.421186447143555,33.40338134765625,665.0,neutral
1767480531.515192,11.421186447143555,33.40192413330078,667.0,neutral
1767480531.582185,11.142889976501465,33.40192413330078,664.0,neutral
1767480531.6486568,10.864059448242188,33.37694549560547,661.5,neutral
1767480531.715764,10.154266357421875,33.3373908996582,663.5,neutral
1767480531.7820292,9.239901542663574,33.3325309753418,661.5,neutral
1767480531.849165,9.239901542663574,33.3373908996582,662.0,neutral
1767480531.915861,9.239901542663574,33.37694549560547,662.5,neutral
1767480531.982476,9.239901542663574,33.37694549560547,657.5,neutral
1767480532.049236,9.239901542663574,33.40192413330078,655.0,neutral
1767480532.115536,9.239901542663574,33.45947265625,654.0,neutral
1767480532.1826282,9.239901542663574,33.496707916259766,654.0,neutral
1767480532.249588,9.239901542663574,33.496707916259766,653.0,neutral
1767480532.315973,18.18180274963379,33.65181350708008,651.5,neutral
1767480532.383538,19.168424606323242,34.55174255371094,652.0,neutral
1767480532.44931,21.854217529296875,34.856414794921875,651.0,neutral
1767480532.516493,21.854217529296875,35.162925720214844,651.5,neutral
1767480532.582693,21.854217529296875,35.162925720214844,654.0,neutral
1767480532.649302,21.854217529296875,35.162925720214844,659.5,neutral
1767480532.716575,21.854217529296875,35.162925720214844,663.0,neutral
1767480532.78272,21.854217529296875,35.21656799316406,664.0,neutral
1767480532.849497,21.854217529296875,35.28446578979492,662.0,neutral
1767480532.917142,21.854217529296875,35.29476547241211,662.0,neutral
1767480532.983277,22.145179748535156,35.39745330810547,657.0,neutral
1767480533.049737,22.145179748535156,35.41127014160156,656.0,neutral
1767480533.116398,22.145179748535156,35.542449951171875,655.5,neutral
1767480533.1831622,22.145179748535156,35.962738037109375,651.0,neutral
1767480533.249971,22.145179748535156,35.982967376708984,645.5,neutral
1767480533.316418,22.145179748535156,36.3450927734375,645.0,neutral
1767480533.383342,22.145179748535156,37.12186050415039,644.5,neutral
1767480533.4495869,23.824260711669922,37.12186050415039,642.0,neutral
1767480533.51635,32.735225677490234,37.12186050415039,640.0,neutral
1767480533.5833302,34.18060302734375,37.12186050415039,639.0,neutral
1767480533.650037,37.079261779785156,37.12186050415039,637.0,neutral
1767480533.7168481,39.857234954833984,37.12186050415039,636.0,neutral
1767480533.783544,39.90788650512695,37.12186050415039,634.5,neutral
1767480533.850494,40.2130012512207,37.12186050415039,634.0,neutral
1767480533.916807,40.2130012512207,36.85353088378906,634.0,neutral
1767480533.983924,40.68937301635742,36.84371566772461,634.0,neutral
1767480534.049964,40.73210525512695,36.670291900634766,634.0,neutral
1767480534.1142678,44.72051239013672,36.195343017578125,634.5,neutral
1767480534.150205,45.545658111572266,36.195343017578125,636.0,neutral
1767480534.217599,45.545658111572266,36.195343017578125,637.5,neutral
1767480534.281003,45.545658111572266,36.195343017578125,637.5,neutral
1767480534.316871,45.545658111572266,36.195343017578125,638.0,neutral
1767480534.3833961,45.545658111572266,36.195343017578125,639.5,neutral
1767480534.4499772,45.545658111572266,36.195343017578125,642.0,neutral
1767480534.517057,45.545658111572266,36.13462829589844,646.5,neutral
1767480534.584414,45.545658111572266,36.13462829589844,647.5,neutral
1767480534.651111,45.0,36.13462829589844,649.5,neutral
1767480534.71442,44.725860595703125,36.13462829589844,649.5,neutral
1767480534.750655,44.17762756347656,36.13462829589844,649.5,neutral
1767480534.8173041,41.987213134765625,36.13462829589844,646.0,neutral
1767480534.8831098,40.87770080566406,36.119781494140625,646.0,neutral
1767480534.950866,30.660072326660156,33.77625274658203,645.5,neutral
1767480535.0176551,24.896713256835938,31.243013381958008,645.0,neutral
1767480535.084152,16.845726013183594,30.21583366394043,646.0,neutral
1767480535.150816,10.18946361541748,28.536907196044922,646.0,neutral
1767480535.217173,9.145614624023438,28.50936508178711,646.5,neutral
1767480535.284411,7.76516580581665,28.50936508178711,646.5,neutral
1767480535.351218,6.2172017097473145,28.50936508178711,646.5,neutral
1767480535.41752,6.092771530151367,28.50936508178711,646.5,neutral
1767480535.4839811,6.075832843780518,28.50936508178711,646.5,neutral
1767480535.551352,6.058987617492676,28.50936508178711,646.5,neutral
1767480535.617599,6.025575160980225,28.50936508178711,647.5,neutral
1767480535.684712,5.96687650680542,28.5155029296875,648.0,neutral
1767480535.751224,5.933594703674316,28.536907196044922,649.5,neutral
1767480535.817914,5.933594703674316,28.552715301513672,650.5,neutral
1767480535.8841379,5.933594703674316,28.554561614990234,650.5,neutral
1767480535.951176,5.933594703674316,28.579187393188477,651.0,neutral
1767480536.017515,5.933594703674316,28.595666885375977,651.5,neutral
1767480536.0847502,5.933594703674316,28.608322143554688,652.0,neutral
1767480536.1508,5.933594703674316,28.645936965942383,653.5,neutral
1767480536.218164,5.96687650680542,28.645936965942383,654.5,neutral
1767480536.284472,6.271077632904053,28.648834228515625,655.0,neutral
1767480536.3514318,6.271077632904053,28.648834228515625,654.5,neutral
1767480536.4174578,6.271077632904053,28.707080841064453,652.5,neutral
1767480536.484703,6.271077632904053,28.856563568115234,650.0,neutral
1767480536.55129,6.271077632904053,28.938793182373047,644.5,neutral
1767480536.617845,6.575677394866943,29.21752166748047,638.5,neutral
1767480536.6845691,6.599916934967041,29.640382766723633,633.0,neutral
1767480536.751523,6.794698238372803,30.303268432617188,634.0,neutral
1767480536.818387,7.214262008666992,30.498308181762695,635.0,neutral
1767480536.885221,7.214262008666992,30.725391387939453,635.5,neutral
1767480536.9517162,7.214262008666992,30.72806739807129,637.0,neutral
1767480537.018784,7.214262008666992,30.72806739807129,637.5,neutral
1767480537.084984,7.214262008666992,30.72806739807129,639.5,neutral
1767480537.151982,6.794698238372803,30.72806739807129,636.5,neutral
1767480537.218933,6.599916934967041,30.72806739807129,625.5,neutral
1767480537.285129,6.599916934967041,30.72806739807129,624.5,neutral
1767480537.352021,6.599916934967041,30.72806739807129,623.0,neutral
1767480537.419001,6.599916934967041,30.72806739807129,601.5,neutral
1767480537.485256,6.599916934967041,30.72806739807129,586.5,neutral
1767480537.5521688,6.794698238372803,30.72806739807129,591.0,neutral
1767480537.6186209,7.214262008666992,30.72806739807129,592.5,neutral
1767480537.6851652,7.275004863739014,30.72806739807129,596.0,neutral
1767480537.751879,7.275004863739014,30.72806739807129,597.5,neutral
1767480537.81876,8.267173767089844,30.72806739807129,599.0,neutral
1767480537.88564,8.30216121673584,30.72806739807129,599.5,neutral
1767480537.9521348,8.267173767089844,33.321868896484375,614.5,neutral
1767480538.01893,5.710593223571777,33.321868896484375,634.5,neutral
1767480538.085523,5.042450904846191,33.321868896484375,641.0,neutral
1767480538.152523,5.042450904846191,33.321868896484375,642.5,neutral
1767480538.218944,5.172160625457764,33.321868896484375,644.0,neutral
1767480538.28528,6.313430309295654,33.321868896484375,643.5,neutral
1767480538.352594,6.367179870605469,33.321868896484375,642.0,neutral
1767480538.419115,7.853313446044922,33.321868896484375,642.0,neutral
1767480538.4859068,7.853313446044922,32.7418327331543,644.5,neutral
1767480538.5519161,7.787017822265625,32.04782485961914,645.0,neutral
1767480538.619049,7.72182559967041,31.28095817565918,645.5,neutral
1767480538.685471,6.766174793243408,30.827613830566406,644.5,neutral
1767480542.0171242,23.06611442565918,30.142478942871094,661.0,neutral
1767480542.05388,23.06611442565918,30.204696655273438,660.5,neutral
1767480542.083174,23.06611442565918,30.231801986694336,661.5,slouch
1767480542.118932,23.06611442565918,30.312313079833984,662.0,slouch
1767480542.145091,23.06611442565918,30.387821197509766,662.5,lean
1767480542.176671,22.948936462402344,30.594009399414062,662.0,lean
1767480542.209789,22.940793991088867,30.637331008911133,661.5,neutral
1767480542.241334,22.7650089263916,30.520092010498047,661.0,slouch
1767480542.274936,22.581832885742188,30.520092010498047,661.0,lean
1767480542.30822,22.581832885742188,30.520092010498047,657.5,lean
1767480542.341991,22.581832885742188,30.520092010498047,658.0,lean
1767480542.3773031,22.581832885742188,30.520092010498047,657.5,lean
1767480542.410789,22.581832885742188,30.520092010498047,657.0,away
1767480542.4440682,22.509822845458984,30.520092010498047,657.0,away
1767480542.476696,22.312135696411133,30.520092010498047,657.5,away
1767480542.51019,21.614778518676758,30.14396858215332,658.5,away
1767480542.543475,18.10848045349121,30.118635177612305,661.0,away
1767480542.5767832,14.609819412231445,29.875261306762695,662.0,away
1767480542.610353,14.42077350616455,29.867511749267578,663.0,away
1767480542.643254,13.907777786254883,29.84355926513672,664.0,away
1767480542.675016,12.61544418334961,29.762584686279297,665.0,away
1767480542.708266,11.572033882141113,29.730730056762695,664.5,away
1767480542.741778,9.80930233001709,29.515417098999023,664.5,away
1767480542.775004,7.577426910400391,29.510847091674805,664.5,away
1767480542.808199,6.709836959838867,29.510847091674805,665.0,away
1767480542.8414998,5.659482002258301,29.510847091674805,665.0,away
1767480542.874773,5.124923229217529,29.49921417236328,666.5,away
1767480542.9082031,4.340020656585693,29.49352264404297,666.5,away
1767480542.941592,4.340020656585693,29.49352264404297,665.0,away
1767480542.974587,4.320805072784424,29.49352264404297,665.0,away
1767480543.008141,4.103875637054443,29.49921417236328,665.0,away
1767480543.0417159,3.8654611110687256,29.510847091674805,664.5,away
1767480543.0767622,3.8310513496398926,29.515417098999023,664.0,away
1767480543.11039,3.62475323677063,29.5219783782959,664.0,away
1767480543.143426,3.5604805946350098,29.5307559967041,663.5,away
1767480543.175358,3.194589376449585,29.5307559967041,663.5,away
1767480543.208619,3.194589376449585,29.5352840423584,663.5,away
1767480543.242149,3.194589376449585,29.55912208557129,663.5,away
1767480543.2750232,3.194589376449585,29.603565216064453,663.5,away
1767480543.310633,3.194589376449585,29.618953704833984,664.0,away
1767480543.3438048,3.209486246109009,29.618953704833984,664.5,away
1767480543.377198,3.4763126373291016,29.623676300048828,664.5,away
1767480543.410301,3.62475323677063,29.66318702697754,664.0,away
1767480543.4441311,3.62475323677063,29.712554931640625,664.5,away
1767480543.4771452,3.62475323677063,29.793691635131836,664.5,away
1767480543.51052,3.742988348007202,29.793691635131836,664.5,away
1767480543.543833,3.990913152694702,29.949565887451172,665.0,away
1767480543.577842,3.990913152694702,29.949565887451172,666.0,away
1767480543.610838,3.990913152694702,29.98870086669922,666.0,away
1767480543.643784,3.990913152694702,29.98870086669922,666.0,away
1767480543.677228,3.990913152694702,30.06958770751953,666.0,away
1767480543.711207,3.990913152694702,30.06958770751953,666.5,away
1767480543.7443671,3.990913152694702,30.06958770751953,668.0,away
1767480543.7777522,3.990913152694702,30.06958770751953,668.5,away
1767480543.8106198,3.725628137588501,30.06958770751953,668.5,away
1767480543.8425338,3.725628137588501,30.06958770751953,668.5,away
1767480543.875725,3.4601831436157227,30.06958770751953,668.0,away
1767480543.909429,3.444202423095703,30.006874084472656,668.0,away
1767480543.9443798,3.444202423095703,30.006874084472656,667.5,away
1767480543.9758358,3.444202423095703,30.006874084472656,667.0,away
1767480544.009293,3.444202423095703,30.006874084472656,666.5,away
1767480544.044488,3.209486246109009,30.0013484954834,666.0,away
1767480544.078221,3.1798300743103027,29.967782974243164,665.0,away
1767480544.1123798,3.1798300743103027,29.967737197875977,665.5,away
1767480544.1487381,3.1798300743103027,29.946399688720703,665.0,away
1767480544.183103,3.1798300743103027,29.93680763244629,665.0,away
1767480544.214738,3.209486246109009,29.884531021118164,665.5,away
1767480544.2443619,3.444202423095703,29.826757431030273,666.0,away
1767480544.2755258,3.4601831436157227,29.72559356689453,666.0,away
1767480544.3090339,3.4601831436157227,29.69881820678711,666.0,away
1767480544.34261,3.4763126373291016,29.632787704467773,666.5,away
1767480544.3755279,3.4763126373291016,29.587038040161133,666.5,away
1767480544.4089909,3.708428144454956,29.55331039428711,666.5,away
1767480544.444434,3.708428144454956,29.479265213012695,667.0,away
1767480544.477721,3.708428144454956,29.469993591308594,667.5,away
1767480544.509558,3.725628137588501,29.436105728149414,667.0,away
1767480544.543066,3.725628137588501,29.427011489868164,667.0,away
1767480544.575587,3.725628137588501,29.379182815551758,667.0,away
1767480544.609519,3.742988348007202,29.379182815551758,666.5,away
1767480544.6428428,3.9542477130889893,29.379182815551758,667.0,away
1767480544.6776588,3.9542477130889893,29.379182815551758,667.0,away
1767480544.712472,4.21694278717041,29.379182815551758,667.0,away
1767480544.744488,4.4794602394104,29.379182815551758,666.5,away
1767480544.777716,5.003920078277588,29.379182815551758,666.5,away
1767480544.810976,5.003920078277588,29.379182815551758,666.0,away
1767480544.844492,5.290081024169922,29.433744430541992,664.5,away
1767480544.87777,5.502340316772461,29.557147979736328,663.0,away
1767480544.911412,5.52754020690918,29.562522888183594,663.0,away
1767480544.942854,6.022686958312988,29.80095672607422,663.0,away
1767480544.976288,6.571922779083252,29.80095672607422,662.5,away
1767480545.009737,6.571922779083252,29.831239700317383,662.5,away
1767480545.0447848,6.571922779083252,29.831239700317383,663.0,away
1767480545.077618,6.8953094482421875,29.86178207397461,663.0,away
1767480545.111396,7.943471908569336,29.86178207397461,662.5,away
1767480545.1448278,8.465597152709961,29.86178207397461,663.0,away
1767480545.178297,8.465597152709961,29.86178207397461,663.5,away
1767480545.2114382,8.465597152709961,29.86178207397461,664.0,away
1767480545.2449338,8.465597152709961,29.86178207397461,664.0,away
1767480545.278676,8.465597152709961,29.866268157958984,664.0,away
1767480545.311948,8.465597152709961,29.866268157958984,664.0,away
1767480545.3446589,8.465597152709961,29.866268157958984,664.0,away
1767480545.376404,8.465597152709961,29.866268157958984,664.5,away
1767480545.409942,8.426968574523926,29.86178207397461,665.0,away
1767480545.44333,8.426968574523926,29.86178207397461,665.0,away
1767480545.476676,8.426968574523926,29.86178207397461,665.0,away
1767480545.51007,8.426968574523926,29.86178207397461,665.0,away
1767480545.5434072,8.388689041137695,29.88153839111328,665.0,away
1767480545.576688,8.204706192016602,29.88153839111328,665.5,away
1767480545.610206,8.167235374450684,29.886337280273438,666.0,away
1767480545.642966,8.130102157592773,29.903663635253906,666.0,away
1767480545.6767092,8.130102157592773,29.903663635253906,666.5,away
1767480545.710049,8.130102157592773,29.903663635253906,666.5,away
1767480545.745412,8.130102157592773,29.903663635253906,666.5,away
1767480545.778742,8.093303680419922,29.935152053833008,666.5,away
1767480545.812063,8.093303680419922,29.935152053833008,667.5,away
1767480545.8451352,8.093303680419922,29.935152053833008,668.0,away
1767480545.8767529,8.093303680419922,29.91312026977539,668.0,away
1767480545.909795,7.984866142272949,29.91312026977539,668.5,away
1767480545.943609,7.907162666320801,29.91312026977539,669.5,away
1767480545.9770198,7.871181964874268,29.91312026977539,670.0,away
1767480546.010096,7.871181964874268,29.91312026977539,670.5,away
1767480546.0434198,7.871181964874268,29.91312026977539,672.0,away
1767480546.0766232,7.8104143142700195,29.838151931762695,672.5,away
1767480546.1099782,7.611937522888184,29.751428604125977,673.0,away
1767480546.145772,7.610819339752197,29.599271774291992,673.0,away
1767480546.1790788,7.4958577156066895,29.4571590423584,672.5,away
1767480546.212608,7.275004863739014,29.380104064941406,672.5,away
1767480546.24574,5.9715657234191895,29.125619888305664,672.5,away
1767480546.2793689,5.152081489562988,28.977272033691406,673.0,away
1767480546.3124459,3.9531795978546143,28.750450134277344,673.5,away
1767480546.3455749,3.4473867416381836,28.677757263183594,673.5,away
1767480546.378488,2.9648613929748535,28.56556510925293,674.0,away
1767480546.4119549,2.2906100749969482,28.56556510925293,674.5,away
1767480546.445645,2.0535504817962646,28.56556510925293,674.5,away
1767480546.478795,2.0454084873199463,28.56556510925293,674.5,away
1767480546.5121841,2.0293164253234863,28.56556510925293,674.5,away
1767480546.5461361,1.7969253063201904,28.56556510925293,674.5,away
1767480546.578825,1.7969253063201904,28.56556510925293,674.0,away
1767480546.6119099,1.7969253063201904,28.56556510925293,674.0,away
1767480546.6450639,1.7969253063201904,28.602415084838867,674.0,away
1767480546.677344,1.7969253063201904,28.603721618652344,674.0,away
1767480546.711942,1.7969253063201904,28.633153915405273,673.5,away
1767480546.745248,1.7969253063201904,28.646835327148438,674.0,away
1767480546.776781,1.7969253063201904,28.71240234375,674.0,away
1767480546.812205,2.02136492729187,28.71240234375,674.5,away
1767480546.84532,2.694284200668335,28.716968536376953,674.0,away
1767480546.879112,3.3664605617523193,28.747835159301758,674.0,away
1767480546.912378,4.7263031005859375,28.892221450805664,673.5,away
1767480546.9459012,5.890626430511475,28.925331115722656,673.0,away
1767480546.979567,6.788974761962891,28.95412254333496,673.5,away
1767480547.012653,7.907162666320801,29.015687942504883,674.0,away
1767480547.046467,8.57523250579834,29.015687942504883,674.0,away
1767480547.078814,8.57523250579834,29.015687942504883,674.0,away
1767480547.1122382,8.57523250579834,29.015687942504883,673.5,away
1767480547.143779,8.57523250579834,29.015687942504883,673.0,away
1767480547.177129,8.820379257202148,29.015687942504883,672.5,away
1767480547.2124999,8.962753295898438,29.015687942504883,673.0,away
1767480547.246001,8.962753295898438,29.015687942504883,673.5,away
1767480547.279358,9.001754760742188,28.802288055419922,673.0,away
1767480547.312431,9.039483070373535,28.427310943603516,673.5,away
1767480547.3464131,9.039483070373535,27.748003005981445,673.5,away
1767480547.3797529,9.039483070373535,27.440706253051758,673.0,away
1767480547.4131641,9.039483070373535,27.257919311523438,674.0,away
1767480547.444274,9.039483070373535,27.043088912963867,673.5,away
1767480547.479699,9.039483070373535,27.025758743286133,673.5,away
1767480547.513145,9.039483070373535,26.979825973510742,673.5,away
1767480547.5459719,9.039483070373535,26.979825973510742,673.0,away
1767480547.5775511,9.763717651367188,26.979825973510742,671.0,away
1767480547.610837,10.060689926147461,26.979825973510742,669.5,away
1767480547.643944,10.959717750549316,26.979825973510742,669.0,away
1767480547.680078,15.533552169799805,26.979825973510742,669.0,away
1767480547.713071,17.937698364257812,26.979825973510742,669.0,away
1767480547.746237,18.49020004272461,26.979825973510742,668.5,away
1767480547.777531,19.478572845458984,27.013328552246094,667.0,away
1767480547.8109949,21.801408767700195,27.294363021850586,665.0,away
1767480547.844244,23.749494552612305,27.40299415588379,664.0,away
1767480547.877485,24.458391189575195,27.459228515625,665.5,away
1767480547.9111,24.84825325012207,27.473072052001953,666.0,away
1767480547.9443572,25.16407585144043,27.49966812133789,666.0,away
1767480547.979914,26.329912185668945,27.515317916870117,666.0,away
1767480548.013201,27.832799911499023,27.520307540893555,665.5,away
1767480548.0461812,29.142024993896484,27.59418487548828,664.5,away
1767480548.077964,29.368764877319336,27.634336471557617,663.0,away
1767480548.1131651,29.4136962890625,27.726116180419922,661.0,away
1767480548.1463768,29.812393188476562,27.737642288208008,661.0,away
1767480548.1805,29.835538864135742,27.866743087768555,657.5,away
1767480548.212867,29.882831573486328,28.090587615966797,657.0,away
1767480548.246586,29.94194221496582,28.097789764404297,656.5,away
1767480548.279079,30.00238800048828,28.137752532958984,656.5,away
1767480548.31077,30.135528564453125,28.574111938476562,655.5,away
1767480548.344095,30.351163864135742,28.872146606445312,652.5,away
1767480548.37797,30.663082122802734,28.874788284301758,652.0,away
1767480548.4107788,31.4090518951416,29.15340232849121,652.0,away
1767480548.444119,31.419076919555664,29.214807510375977,653.5,away
1767480548.477599,31.593355178833008,29.260765075683594,657.5,away
1767480548.510802,31.607501983642578,29.386293411254883,660.0,away
1767480548.544141,31.607501983642578,29.391475677490234,661.0,away
1767480548.5794728,31.607501983642578,29.50029754638672,662.0,away
1767480548.612834,31.607501983642578,29.50307846069336,662.0,away
1767480548.646473,31.607501983642578,29.683895111083984,662.5,away
1767480548.6798441,31.607501983642578,29.683895111083984,662.0,away
1767480548.713598,31.607501983642578,29.683895111083984,662.0,away
1767480548.746824,31.419076919555664,29.683895111083984,662.5,away
1767480548.780637,31.304122924804688,29.683895111083984,662.5,away
1767480548.813844,31.115331649780273,29.683895111083984,664.0,away
1767480548.8471,31.115331649780273,29.683895111083984,665.0,away
1767480548.879905,31.115331649780273,29.683895111083984,665.5,away
1767480548.911623,30.9257869720459,29.683895111083984,666.0,away
1767480548.944612,30.16006088256836,29.683895111083984,666.0,away
1767480548.9806762,29.492971420288086,29.683895111083984,665.0,away
1767480549.013512,29.098609924316406,29.637935638427734,665.0,away
1767480549.045027,27.561399459838867,29.57040786743164,665.0,away
1767480549.078496,27.561399459838867,29.391199111938477,665.0,away
1767480549.114045,27.46648406982422,29.376220703125,666.0,away
1767480549.14706,27.377702713012695,29.276702880859375,667.5,away
1767480549.1802502,27.370563507080078,29.276702880859375,668.0,away
1767480549.213654,27.356653213500977,29.256107330322266,669.5,away
1767480549.2471738,27.170265197753906,29.23279571533203,669.5,away
1767480549.278393,27.072080612182617,29.207674026489258,669.5,neutral
1767480549.311893,26.869813919067383,29.195470809936523,670.5,neutral
1767480549.345097,26.76228141784668,29.195470809936523,670.5,neutral
1767480549.378558,26.665924072265625,29.17624282836914,670.5,slouch
1767480549.4143229,26.368833541870117,29.17624282836914,671.0,lean
1767480549.451988,25.878318786621094,29.195470809936523,671.0,lean
1767480549.487317,25.776174545288086,29.207674026489258,671.5,lean
1767480549.522487,25.776174545288086,29.23279571533203,672.0,slouch
1767480549.5489311,25.68062400817871,29.234159469604492,673.0,neutral
1767480549.581077,25.68062400817871,29.247404098510742,673.0,neutral
1767480549.613564,25.68062400817871,29.247404098510742,674.0,away
1767480549.6449761,25.387907028198242,29.256107330322266,674.5,away
1767480549.678251,25.387907028198242,29.256107330322266,676.0,away
1767480549.7119539,25.189430236816406,29.25926971435547,673.0,away
1767480549.746749,24.89766502380371,29.316394805908203,673.5,neutral
1767480549.780861,24.11800193786621,29.323827743530273,671.5,slouch
1767480549.8136199,23.133628845214844,29.325136184692383,670.5,slouch
1767480549.846837,23.133628845214844,29.34982681274414,669.0,away
1767480549.878154,23.133628845214844,29.364269256591797,668.0,away
1767480549.91168,23.133628845214844,29.511484146118164,667.5,away
1767480549.9452028,23.133628845214844,29.82270622253418,669.5,away
1767480549.978656,23.133628845214844,30.171695709228516,670.0,away
1767480550.011787,23.133628845214844,30.52422523498535,670.0,away
1767480550.045126,23.133628845214844,30.6251277923584,673.5,away
1767480550.080856,26.99992561340332,30.642255783081055,675.5,away
1767480550.114561,28.864410400390625,30.753053665161133,676.5,away
1767480550.1474009,31.293039321899414,31.23119354248047,677.5,away
1767480550.1786602,32.777584075927734,31.376079559326172,678.0,away
1767480550.2134862,33.23842239379883,31.459369659423828,678.5,away
1767480550.245219,34.07160949707031,31.48276710510254,678.5,away
1767480550.278611,34.919403076171875,31.55778694152832,678.5,away
1767480550.3139782,35.53767776489258,31.569541931152344,679.0,away
1767480550.347422,36.25383758544922,31.60205841064453,678.5,away
1767480550.381024,36.913734436035156,31.79399871826172,678.5,away
1767480550.413735,38.290164947509766,32.20591735839844,678.5,away
1767480550.445438,38.560794830322266,32.75507736206055,678.0,away
1767480550.480206,38.560794830322266,32.75507736206055,678.0,away
1767480550.511916,38.72566604614258,32.75507736206055,678.5,away
1767480550.5456152,38.857948303222656,32.75507736206055,678.5,away
1767480550.581234,38.88977813720703,32.84864807128906,677.0,away
1767480550.614656,39.0222282409668,32.84864807128906,676.0,away
1767480550.6478982,39.0222282409668,32.856544494628906,675.5,away
1767480550.681053,39.12480545043945,32.856544494628906,675.0,away
1767480550.7145119,39.12480545043945,32.856544494628906,674.5,away
1767480550.748207,39.0222282409668,32.84864807128906,673.5,away
1767480550.781302,39.0222282409668,32.82038116455078,673.5,away
1767480550.814482,39.0222282409668,32.81318664550781,673.0,away
1767480550.848268,39.0222282409668,32.73062515258789,672.0,away
1767480550.881013,39.0222282409668,32.72026824951172,672.0,away
1767480550.9129019,39.0222282409668,32.702693939208984,671.5,away
1767480550.945879,39.0222282409668,32.694522857666016,671.5,away
1767480550.981204,38.86274337768555,32.54235076904297,671.5,away
1767480551.0147572,38.69371032714844,32.30586242675781,671.5,away
1767480551.048217,38.353233337402344,32.20054626464844,672.0,away
1767480551.081252,38.28105545043945,32.01835250854492,673.0,away
1767480551.113686,38.28105545043945,31.916107177734375,672.5,away
1767480551.1474419,38.21829605102539,31.911455154418945,671.5,away
1767480551.179029,38.14488220214844,31.853952407836914,671.5,away
1767480551.212448,38.10757827758789,31.81492042541504,671.5,away
1767480551.245694,38.009525299072266,31.772546768188477,670.5,away
1767480551.280232,37.93326950073242,31.76677703857422,667.5,away
1767480551.312364,37.66256332397461,31.752546310424805,663.0,away
1767480551.3464372,36.913734436035156,31.748022079467773,663.0,away
1767480551.379664,36.43085861206055,31.69281578063965,663.5,away
1767480551.414886,34.54243850708008,31.471094131469727,663.5,away
1767480551.447993,31.622299194335938,31.08125114440918,661.5,away
1767480551.4798431,28.222332000732422,29.959253311157227,662.0,away
1767480551.515043,22.975154876708984,29.425235748291016,663.0,away
1767480551.548411,14.914752006530762,29.1384220123291,663.0,away
1767480551.581949,8.91028118133545,28.64148712158203,659.0,away
1767480551.619911,8.91028118133545,28.60904312133789,659.0,away
1767480551.6550841,8.350752830505371,28.562843322753906,657.5,away
1767480551.691166,7.796991348266602,28.549968719482422,654.0,away
1767480551.753835,6.918386459350586,28.524375915527344,638.5,away
1767480551.7885382,6.132222652435303,28.520259857177734,627.0,away
1767480551.8244328,6.132222652435303,28.517719268798828,623.5,away
1767480551.89262,6.132222652435303,28.463584899902344,624.5,away
1767480551.9590971,6.132222652435303,28.463584899902344,626.5,away
1767480552.0259259,6.483073711395264,28.463584899902344,626.5,away
1767480552.09253,6.483073711395264,28.463584899902344,624.0,away
1767480552.158666,6.483073711395264,28.463584899902344,625.5,away
1767480552.22534,6.483073711395264,28.463584899902344,630.5,away
1767480552.2923489,6.483073711395264,28.463584899902344,632.5,away
1767480552.3588219,6.132222652435303,28.463584899902344,635.5,away
1767480552.4254038,4.159642219543457,29.873233795166016,637.0,away
1767480552.4926379,4.140885829925537,30.80961799621582,638.0,away
1767480552.5592582,3.9967033863067627,30.912382125854492,638.5,away
1767480552.6264782,3.9967033863067627,31.019289016723633,639.0,away
1767480552.692746,4.140885829925537,31.023361206054688,639.0,away
1767480552.759595,4.159642219543457,31.079469680786133,639.5,away
1767480552.826085,4.159642219543457,31.10460662841797,639.5,away
1767480552.893166,4.140885829925537,31.147430419921875,639.5,away
1767480552.959608,3.9724960327148438,31.19638442993164,640.0,away
1767480553.0259972,3.9542477130889893,31.20488929748535,640.5,away
1767480553.092747,3.7313969135284424,31.282562255859375,643.5,away
1767480553.160258,3.468229293823242,31.282562255859375,645.5,away
1767480553.226378,3.468229293823242,31.330108642578125,646.5,away
1767480553.2933178,3.468229293823242,31.41895294189453,648.0,away
1767480553.359939,3.468229293823242,31.42418670654297,648.5,away
1767480553.427042,3.2210402488708496,31.42418670654297,648.5,away
1767480553.493275,3.468229293823242,31.42418670654297,642.0,away
1767480553.559553,3.9542477130889893,31.435569763183594,637.0,away
1767480553.627171,3.9542477130889893,31.435569763183594,635.5,away
1767480553.694023,3.9542477130889893,31.435569763183594,635.0,away
1767480553.757208,3.9542477130889893,31.435569763183594,637.0,away
1767480553.793097,3.9542477130889893,31.42418670654297,637.5,away
1767480553.860016,3.9542477130889893,31.330108642578125,642.0,away
1767480553.926126,4.0095014572143555,31.185359954833984,644.0,away
1767480553.9929311,10.353320121765137,31.05413818359375,644.5,away
1767480554.060386,20.432828903198242,29.794221878051758,644.5,away
1767480554.126625,31.418148040771484,28.91522979736328,644.5,away
1767480554.192746,36.2292366027832,28.754209518432617,645.5,away
1767480554.260106,41.88916015625,28.39762306213379,647.5,away
1767480554.3271942,45.14881896972656,28.00017738342285,640.0,away
1767480554.393881,46.08092498779297,28.00017738342285,640.0,away
1767480554.4602408,46.66510772705078,28.00017738342285,637.5,away
1767480554.52723,46.66510772705078,28.00017738342285,632.5,away
1767480554.59368,46.66510772705078,28.00017738342285,631.0,away
1767480554.660185,46.66510772705078,28.39762306213379,631.5,away
1767480554.72737,46.66510772705078,28.39762306213379,632.0,away
1767480554.7942662,46.66510772705078,28.91522979736328,625.5,away
1767480554.85854,46.66510772705078,31.249242782592773,622.5,away
1767480554.925375,46.66510772705078,31.384262084960938,604.5,away
1767480554.994133,46.66510772705078,34.597999572753906,588.5,away
1767480555.060259,46.66510772705078,35.590328216552734,577.5,away
1767480555.1272252,46.08092498779297,35.592288970947266,596.0,away
1767480555.1942232,45.0,35.592288970947266,619.0,away
1767480555.260544,44.447322845458984,35.592288970947266,639.5,away
1767480555.32755,42.95458984375,35.592288970947266,656.5,away
1767480555.393962,42.6304931640625,35.592288970947266,659.5,away
1767480555.460907,40.2130012512207,35.622745513916016,658.0,away
1767480555.527563,39.6441764831543,36.203521728515625,657.5,away
1767480555.594387,39.37759780883789,36.203521728515625,657.0,away
1767480555.660748,32.88124084472656,36.203521728515625,651.5,away
1767480555.727791,30.711036682128906,36.203521728515625,646.0,away
1767480555.79537,30.596010208129883,36.203521728515625,638.5,away
1767480555.86035,29.82227325439453,37.21102523803711,639.0,away
1767480555.927961,29.5877628326416,37.21102523803711,638.5,away
1767480555.993077,29.39337730407715,36.203521728515625,646.5,away
1767480556.056371,29.272293090820312,36.09885025024414,647.5,away
1767480556.095194,28.967660903930664,36.09885025024414,647.0,away
1767480556.1613262,28.43486785888672,36.09885025024414,646.0,away
1767480556.228139,27.07660675048828,36.09885025024414,643.0,away
1767480556.2948658,26.875314712524414,36.09885025024414,642.0,away
1767480556.361681,26.462186813354492,36.09885025024414,642.5,away
1767480556.428128,26.16156578063965,36.09885025024414,643.0,away
1767480556.494518,26.16156578063965,35.175933837890625,646.0,away
1767480556.560938,26.16156578063965,34.66968536376953,649.5,away
1767480556.628153,26.16156578063965,34.66968536376953,650.0,away
1767480556.6950662,26.16156578063965,34.66968536376953,651.0,away
1767480556.761655,26.462186813354492,34.66968536376953,653.5,away
1767480556.827647,26.462186813354492,34.66968536376953,656.5,away
1767480556.895204,27.07660675048828,34.66968536376953,659.0,away
1767480556.961944,27.1597957611084,34.66968536376953,659.5,away
1767480557.0284202,30.562583923339844,34.66968536376953,655.0,away
1767480557.0952792,31.607501983642578,35.105384826660156,643.5,away
1767480557.161428,31.607501983642578,35.7226676940918,643.5,away
1767480557.228433,33.31599807739258,36.04112243652344,644.5,away
1767480557.295224,34.58089065551758,36.45868682861328,640.0,away
1767480557.3616462,34.58089065551758,36.48717498779297,640.5,away
1767480557.4280262,34.86425018310547,36.6525993347168,646.0,away
1767480557.494974,35.28425979614258,36.84891891479492,648.5,away
1767480557.5616472,35.56219482421875,36.890621185302734,648.5,away
1767480557.6280162,35.60651397705078,37.16475296020508,647.0,away
1767480557.694784,35.83765411376953,37.876251220703125,641.5,away
1767480557.761611,35.921241760253906,40.69214630126953,641.0,away
1767480557.828427,35.92850112915039,40.765663146972656,642.5,away
1767480557.894735,36.076011657714844,41.17154312133789,643.0,away
1767480557.961578,36.076011657714844,41.17154312133789,646.5,away
1767480558.0287108,36.33734130859375,41.17154312133789,651.0,away
1767480558.09512,36.33734130859375,41.17154312133789,651.0,away
1767480558.161334,36.33734130859375,41.17154312133789,653.5,away
1767480558.227995,36.33734130859375,41.17154312133789,651.5,away
1767480558.2952478,36.33734130859375,40.82278823852539,653.5,away
1767480558.3617432,36.33734130859375,40.82278823852539,653.5,away
1767480558.4282439,36.33734130859375,40.765663146972656,652.5,away
1767480558.4953349,36.33734130859375,40.14801788330078,651.5,away
1767480558.562098,33.569698333740234,38.80880355834961,654.0,away
1767480558.628855,32.78737258911133,37.852386474609375,652.5,away
1767480558.69537,31.607501983642578,37.404598236083984,650.5,away
1767480558.7620459,30.510236740112305,37.12141036987305,646.5,away
1767480558.828789,30.510236740112305,37.07667922973633,649.0,away
1767480558.895405,30.510236740112305,37.06755828857422,648.0,away
1767480558.962071,30.510236740112305,36.29967498779297,644.5,away
1767480559.028966,30.510236740112305,34.15719223022461,632.5,away
1767480559.0951319,30.510236740112305,31.433277130126953,626.5,away
1767480559.1622689,30.398727416992188,30.790386199951172,628.5,away
1767480559.2291222,29.908428192138672,30.564294815063477,633.5,away
1767480559.296038,29.908428192138672,30.564294815063477,646.5,away
1767480559.362227,29.908428192138672,30.564294815063477,663.5,away
1767480559.429279,31.654033660888672,30.564294815063477,661.5,away
1767480559.4958038,33.08761215209961,30.564294815063477,664.5,away
1767480559.563078,33.20656967163086,30.564294815063477,654.0,away
1767480559.6290061,33.774200439453125,30.564294815063477,657.0,away
1767480559.696175,33.774200439453125,31.433277130126953,651.5,away
1767480559.7622988,33.774200439453125,31.85975456237793,651.5,away
1767480559.8290272,33.774200439453125,33.119815826416016,650.5,away
1767480559.8958468,33.20656967163086,34.01738357543945,643.0,away
1767480559.962643,31.654033660888672,34.01738357543945,647.0,away
1767480560.0291042,30.151548385620117,34.01738357543945,634.0,away
1767480560.096355,29.604450225830078,34.01738357543945,596.0,away
1767480560.1625018,28.61046028137207,34.01738357543945,610.5,away
1767480560.229867,28.61046028137207,34.01738357543945,612.5,away
1767480560.2964292,19.255077362060547,34.01738357543945,618.5,away
1767480560.363224,15.027109146118164,34.01738357543945,625.0,away
1767480560.430057,13.5704345703125,33.4837646484375,626.5,away
1767480560.4966028,10.61965560913086,32.92716598510742,629.5,away
1767480560.5637062,6.902221202850342,32.92716598510742,633.0,away
1767480560.6298292,5.863872051239014,32.92716598510742,644.0,away
1767480560.696759,4.39870548248291,32.92716598510742,641.5,away
1767480560.763644,4.39870548248291,32.92716598510742,642.0,away
1767480560.829659,3.1652064323425293,32.74114227294922,650.5,away
1767480560.8970308,3.444202423095703,32.74114227294922,649.0,away
1767480560.9633448,3.1652064323425293,32.697383880615234,652.0,away
1767480561.030124,3.1652064323425293,32.72806167602539,652.0,away
1767480561.096592,3.163883686065674,32.72806167602539,651.0,away
1767480561.16327,2.998467206954956,32.72806167602539,651.0,away
1767480561.230111,2.8886215686798096,32.72806167602539,648.5,away
1767480561.296682,2.3970284461975098,32.72806167602539,648.0,away
1767480561.363151,2.3970284461975098,32.72806167602539,649.0,away
1767480561.429686,2.752485513687134,32.697383880615234,647.5,away
1767480561.496649,2.752485513687134,32.49213790893555,648.5,away
1767480561.563475,2.5510950088500977,32.36228942871094,650.0,away
1767480561.63005,2.3970284461975098,32.34613800048828,651.0,away
1767480561.697092,2.3970284461975098,32.34613800048828,652.0,away
1767480561.7636638,2.3970284461975098,32.34613800048828,653.0,away
1767480561.8297951,2.2457425594329834,32.34613800048828,653.0,away
1767480561.89692,2.1920697689056396,32.34613800048828,653.0,away
1767480561.963707,2.1920697689056396,32.34613800048828,653.5,away
1767480562.030174,2.1920697689056396,32.34613800048828,655.0,away
1767480562.097049,1.965260624885559,32.34613800048828,655.0,away
1767480562.1641119,2.1920697689056396,32.42782211303711,656.0,away
1767480562.230386,2.2457425594329834,32.42782211303711,657.5,away
1767480562.2970939,2.5016229152679443,32.42782211303711,657.5,away
1767480562.363938,2.5016229152679443,32.42782211303711,657.5,away
1767480562.430601,2.5016229152679443,32.42782211303711,657.5,away
1767480562.497462,2.5016229152679443,32.42782211303711,658.5,away
1767480562.5640352,2.513810157775879,32.42782211303711,658.5,away
1767480562.6310039,5.042450904846191,32.431095123291016,657.5,away
1767480562.6972659,6.831006050109863,32.44660949707031,658.0,away
1767480562.764182,6.831006050109863,32.44660949707031,658.0,away
1767480562.830417,6.831006050109863,32.44660949707031,657.5,away
1767480562.897286,6.831006050109863,32.48624801635742,657.0,away
1767480562.964392,6.831006050109863,32.48624801635742,655.0,away
1767480563.031049,6.831006050109863,32.48624801635742,655.5,away
1767480563.097433,6.831006050109863,32.48624801635742,655.0,away
1767480563.16472,6.831006050109863,32.542808532714844,655.0,away
1767480563.231019,6.831006050109863,32.628257751464844,655.0,away
1767480563.2978802,6.831006050109863,32.661502838134766,653.5,away
1767480563.3642612,6.831006050109863,32.68150329589844,653.0,away
1767480563.43082,6.831006050109863,32.73676300048828,652.5,away
1767480563.497751,6.831006050109863,32.76808547973633,651.0,away
1767480563.564954,6.831006050109863,32.773502349853516,651.0,away
1767480563.631423,6.452462673187256,32.798343658447266,651.0,away
1767480563.69787,6.407440185546875,32.90138244628906,652.0,away
1767480563.764756,6.407440185546875,32.931941986083984,653.5,away
1767480563.831889,6.452462673187256,32.9593620300293,651.5,away
1767480563.898185,7.362592697143555,33.114620208740234,651.0,away
1767480563.964963,7.362592697143555,33.27030563354492,654.0,away
1767480564.0319161,7.362592697143555,33.37670135498047,654.5,away
1767480564.097975,7.362592697143555,33.56100082397461,657.0,away
1767480564.1643221,7.362592697143555,33.63702392578125,656.5,away
1767480564.231369,6.452462673187256,34.17323684692383,656.5,away
1767480564.299259,6.301608562469482,34.333717346191406,657.0,away
1767480564.365653,4.222230434417725,34.55447006225586,658.0,away
1767480564.431257,3.3863344192504883,34.69478225708008,658.0,away
1767480564.49102,3.1363582611083984,34.94395446777344,658.5,away
1767480564.556426,2.924978017807007,35.45871353149414,658.5,away
1767480564.5880342,2.9038188457489014,35.7969856262207,659.0,away
1767480564.619172,2.726310968399048,36.05051803588867,659.0,away
1767480564.6527119,2.5261168479919434,36.181846618652344,659.5,away
1767480564.686111,2.4540317058563232,36.39162063598633,658.5,away
1767480564.719535,2.4540317058563232,36.551883697509766,657.0,away
1767480564.752863,2.4540317058563232,36.553653717041016,656.0,away
1767480564.785724,2.4540317058563232,36.5705451965332,655.5,away
1767480564.818922,2.4540317058563232,36.706329345703125,655.5,away
1767480564.8523672,2.5261168479919434,36.71879577636719,656.5,away
1767480564.8857012,2.9038188457489014,36.9967155456543,655.5,away
1767480564.919213,2.924978017807007,36.9967155456543,655.0,away
1767480564.952592,4.763641834259033,36.9967155456543,655.5,away
1767480564.986259,5.233861446380615,36.9967155456543,657.0,away
1767480565.019256,6.146625518798828,36.9967155456543,658.5,away
1767480565.0523572,6.581944465637207,36.9967155456543,659.5,away
1767480565.085662,6.911227226257324,36.9967155456543,659.5,away
1767480565.119204,6.911227226257324,36.9967155456543,661.5,away
1767480565.153074,6.911227226257324,36.88184356689453,661.0,away
1767480565.186226,7.645013332366943,36.88184356689453,661.0,away
1767480565.219261,7.728637218475342,36.81311798095703,656.5,away
1767480565.252764,8.011231422424316,36.81311798095703,652.0,away
1767480565.2880042,8.01709270477295,36.81311798095703,651.0,away
1767480565.3196118,8.24071216583252,36.81311798095703,651.0,away
1767480565.3526762,8.775055885314941,36.81311798095703,651.0,away
1767480565.385994,9.272602081298828,36.81311798095703,651.0,away
1767480565.419113,10.642870903015137,36.81311798095703,650.5,away
1767480565.4546518,11.784748077392578,36.81311798095703,649.5,away
1767480565.486372,14.656750679016113,36.85511016845703,649.5,away
1767480565.5191932,14.788677215576172,36.87211608886719,652.0,away
1767480565.552612,15.708638191223145,36.899620056152344,652.5,away
1767480565.58608,16.909271240234375,36.92025375366211,652.5,away
1767480565.620196,18.28915786743164,36.924007415771484,652.5,away
1767480565.6531782,18.296218872070312,36.98876953125,653.0,away
1767480565.686636,18.874549865722656,37.02411651611328,653.0,away
1767480565.719311,18.874549865722656,37.02411651611328,652.5,away
1767480565.752932,19.160173416137695,37.02411651611328,651.0,away
1767480565.786434,19.311857223510742,37.02411651611328,651.0,away
1767480565.819584,19.903749465942383,37.02411651611328,651.0,away
1767480565.852861,20.095232009887695,36.99347686767578,651.0,away
1767480565.88622,20.136302947998047,36.98876953125,651.0,away
1767480565.919701,20.556045532226562,36.96285629272461,651.0,away
1767480565.9530501,20.556045532226562,36.96285629272461,650.5,away
1767480565.986331,20.556045532226562,36.96285629272461,650.5,away
1767480566.019435,20.556045532226562,36.700286865234375,650.5,away
1767480566.052832,20.556045532226562,36.574974060058594,651.0,away
1767480566.086238,20.556045532226562,36.55012512207031,651.0,away
1767480566.119848,20.556045532226562,36.397220611572266,651.0,away
1767480566.153931,20.556045532226562,36.20327377319336,651.5,away
1767480566.1870441,20.556045532226562,36.20327377319336,651.5,away
1767480566.22177,20.556045532226562,36.20327377319336,651.5,away
1767480566.2536662,20.556045532226562,36.20327377319336,651.5,away
1767480566.286612,20.556045532226562,36.20327377319336,651.5,away
1767480566.320042,20.556045532226562,36.20327377319336,651.5,away
1767480566.355186,20.556045532226562,36.20327377319336,651.0,away
